,P5,P12,P17,P18,P24,P26,P27,P29,P30,P31
1,0.0575248567933828,0.0216647168421509,0.910565352350522,0.00597692905385213,0.0106416941577099,0.109582222793102,0.00162554930020103,0.0373901663862404,0.231332656359845,0.00822165584148648
2,0.0950673949111695,0.190649508210928,1.06364238289911,0.00597692905385213,0.0744918591039694,0.119215824796892,0.0108369953346735,0.095464254603167,0.22051710359497,0.00548110389432432
3,0.0417812117762465,0.563282637895923,1.09462225812918,0.0358615743231128,0.0133021176971374,0.0216756045085257,0.00460572301723624,0.0596651591269794,0.276998323589321,0.00548110389432432
4,0.0326983396509755,1.13089821916028,0.784216057294546,0.0836770067539298,0.0545386825582633,0.0164574034231399,0.0371167090212568,0.024263831378305,0.0769105974391174,0.00274055194716216
5,0.0314872900342727,0.164651848000347,1.33274208342698,0.047815432430817,0.180908800681068,0.107173822292155,0.128147469832514,0.252184739243366,0.229530064232366,0.0246649675244594
6,0.0260375667591101,0.98357814463365,1.91164053625557,0.140457832765525,0.287325742258168,0.0244854050929643,0.0961783335952274,0.0887022032354427,0.138799593815907,0.00822165584148648
7,0.0442033110096521,0.584947354738074,0.922714323028981,0.209192516884825,0.0385761413216984,0.0726534151119104,0.0959074087118605,0.0596651591269794,0.198285134022725,0.0301460714187837
8,0.197401087522556,0.220980111789939,0.35657228941278,0.176319407088638,0.283335106949026,0.0377316078481744,0.142506488650957,1.41167766494433,0.121374536583607,0.0986598700978377
9,0.159858549404769,0.00866588673686035,0.134246125996975,0.0298846452692607,0.134351388741088,0.310282264538711,0.358433620694326,0.85997382688353,0.153821194878235,0.0849571103620269
10,0.133820982645659,0.0216647168421509,0.0461660885781452,0.0179307871615564,0.0292646589337022,1.28729006775633,0.241123146196486,0.262924467886223,0.0805157816940761,0.0219244155772973
11,0.150775677279498,0.0173317734737207,0.0194383530855348,0.0149423226346303,0.00532084707885495,0.664317138177965,0.129773019132715,0.24144501060051,0.0979408389263761,0.254871331086081
12,0.425683940271033,0.0606612071580224,0.160366412955662,0.0358615743231128,0.130360753431946,0.13848302880447,0.176372099071811,0.0644383718571377,0.0414596189320243,0.0739949025733783
13,0.165913797488283,0.0389964903158716,0.105088596368673,0.0657462195923734,0.214164094923912,0.328345268295816,0.0636673475912069,0.950664868756538,0.0751080053116381,0.016443311682973
14,0.0569193319850314,0.121322414316045,0.14760999374328,0.0747116131731516,0.702351814408854,0.083089817282682,0.132211343083017,0.45305744163753,0.0528760357393932,0.00548110389432432
15,0.0859845227858985,0.164651848000347,0.244801759170954,0.0567808260115952,0.113068000425668,0.12523682604926,0.0268215634533169,0.0449477532089911,0.0294423380821622,0.0657732467318918
16,0.240998873723856,0.901252220633476,1.16083414832678,0.128503974657821,0.400393742683835,0.0654282136090684,0.0547268264401012,0.0457432886640175,0.239744752954749,1.41686535668284
17,0.503191115740012,4.43260106590407,0.774496880751778,0.322754168908015,0.506810684260934,0.0168588035066311,0.0349493099543221,0.0477321273015835,0.0336483863796139,0.731727369892296
18,0.122316011286982,0,0.284285913875947,0.00298846452692607,4.11966585080345,0.186651038823416,0.24762534339729,0.00318214182010557,0.120773672541114,0.0438488311545945
19,0.386930352536543,0,0.411242657465846,0,2.0046291369586,0.442744292090813,0.613373935942521,0.0477321273015835,0.0871252861615002,0.0356271753131081
20,0.0205878434839475,0,0.0413065003067615,0,0.256730871554752,2.02666902154716,0.334863155841411,0.0369923986587272,0.0703010929716933,0
21,0.0460198854347063,0.0129988301052905,0.542451540793206,0.00298846452692607,0.0665105884856869,0.16497543431489,0.0043347981338694,0.022274992740739,0.137597865730921,0
22,0.349387814418757,0.0129988301052905,0.0771459638082163,0,0.00665105884856869,0.564769917472143,0.0113788451014072,0.0926798805105747,0.085923558076514,0.00274055194716216
23,1.07601758444043,0.0649941505264526,0.102051353699058,0.0149423226346303,0.0665105884856869,0.123631225715295,0.0596034743407043,0.111772731431208,0.0312449302096415,0.00548110389432432
24,0.0345149140760297,0.329303696000693,0.117237567047132,0.0567808260115952,0.00266042353942748,0.0224784046755082,0.0165264178853771,0.0123307995529091,0.102146887223828,0.0246649675244594
25,0.178629818463662,0.138654187789766,0.552778165869897,0.0119538581077043,0.216824518463339,0.0569988118557529,0.192356667190455,0.0672227459497301,0.0853226940340209,0.00548110389432432
26,0.00605524808351398,0.0823259240001733,0.318303031775633,0.0119538581077043,0.0478876237096946,0.482884300439934,0.463010625673926,0.286790531537014,0.113563304031197,0.0109622077886486
27,0.0345149140760297,1.49486546210841,0.943975021716285,0.236088697627159,0.207513036075343,0.04616100960149,0.139526314933921,0.0178995477380938,0.165838475728097,0.00548110389432432
28,0.276724837416589,0.134321244421335,0.18648669991435,0.0806885422270038,0.434979248696392,0.185045438489451,0.864250377940212,0.190132973751308,0.120172808498621,0.00822165584148648
29,0.0290651908008671,0.0259976602105811,0.119059912648901,0.00298846452692607,0.0691710120251144,0.537876111878231,0.758860598310512,0.328158375198387,0.0426613470170105,0.00822165584148648
30,0.14290385477093,0.0389964903158716,0.0759310667403704,0.0986193293885602,0.0292646589337022,1.47795510741466,0.330257432824175,0.107397286428563,0.108155527648759,0.0109622077886486
31,0.598864035459533,0.0519953204211621,0.0674267872654489,0.555854402008248,0.103756518037672,0.264924055104203,0.176372099071811,0.625290867650744,0.520348260799029,0.230206363561621
32,0.172574570380148,0.0563282637895923,0.103873699300827,0.0836770067539298,0.0505480472491221,0.53426351112681,0.211321409026133,0.539770806235407,0.183263532960397,0.92630655814081
33,1.2982451891054,0.831925126738594,0.419746936940768,2.6597334289642,0.29530701287645,0.0574002119392441,0.0493083287727645,0.102624073698405,0.48189296207947,0.0794760064677026
34,0.0369370133094353,0.00433294336843017,0.0346245664336089,0.0717231486462256,0.0226136000851336,0.459603095597444,0.0547268264401012,0.761327430460257,0.0564812199943519,0.052070486996081
35,0.237365724873748,0.142987131158196,0.120274809716747,0.0986193293885602,0.0598595296371182,0.170193635400276,0.0986166575455289,0.12450129871163,0.0697002289292002,0.630326947847296
36,0.175602194421905,3.81732310758698,0.588617629371352,0.18229633614249,2.08976269022028,0.0545904113548056,0.0704404696753778,0.00795535455026392,0.0648933165892553,0.819425032201485
37,0.120499436861928,0,0.343208421666474,0,0.546717037352347,0.520214508204618,0.276614305917541,0.108590589611102,0.346097688476029,0.0274055194716216
38,0.594625361801073,0.00866588673686035,1.56053528364809,0.0089653935807782,0.236777695009045,0.0272952056774028,0.113517526130705,0.118534782798932,0.217512783382504,0.38093672065554
39,0.0599469560267884,0,0.290967847749099,0,0.324571671810152,0.684788542436017,0.429957789903171,0.0887022032354427,0.341290776136084,0
40,0.154408826129607,0,0.615952813397885,0,0.0744918591039694,0.238431649593783,0.123270821931911,1.06124429700521,0.169443659983056,0.00822165584148648
41,0.217383406198152,0.0823259240001733,0.349890355539627,0.0089653935807782,0.25274023624561,0.16497543431489,0.0669184461916089,0.0473343595740703,0.0925330625439382,0
42,0.437188911629709,0.277308375579531,0.134246125996975,0.0179307871615564,0.178248377141641,0.0168588035066311,0.363581193478296,0.0159107091005278,0.0270388819121897,0.0137027597358108
43,0.431133663546195,0.0953247541054638,0.0370543605693008,0.0119538581077043,0.0119719059274236,0.364471275810025,0.0994294321956294,0.125296834166657,0.105752071478786,0.0137027597358108
44,0.824724788974604,1.21322414316045,0.165833449760969,0.319765704381089,0.030594870703416,0.0385344080151569,0.0568942255070359,0.139616472357132,0.118370216371142,0.00274055194716216
45,0.345754665568648,0.0953247541054638,0.0759310667403704,0.0179307871615564,0.166276471214217,0.0569988118557529,0.815754823817548,0.062847300947085,0.0204293774447656,0.00822165584148648
46,1.72695675341819,0.24697777200052,0.111770530241825,0.277927201004124,0.61189741406832,0.027696605760894,0.0785682161763829,0.0286392763809501,0.0823183738215554,0.00548110389432432
47,0.222833129473315,0.0693270938948828,0.160973861489585,0.0268961807423346,0.228796424390763,0.261311454352782,0.862082978873278,0.0879066677804163,0.0546786278668726,0.00548110389432432
48,0.225860753515072,0.0606612071580224,0.0376618091032237,0.188273265196342,0.025274023624561,0.839327574580136,0.23218262504538,0.122910227801578,0.150816874665769,0.0411082792074324
49,0.0363314885010839,0.368300186316565,0.303724266961482,0.762058454366147,0.0359157177822709,0.189862239491346,0.135191516800052,0.344069084298914,1.02507405649324,0.153470909041081
50,0.827752413016361,0.277308375579531,0.26849225199395,0.439304285458132,0.0798127061828243,0.700443145692174,0.200755338574827,0.203259308759243,0.141803914028373,0.052070486996081
51,0.0181657442505419,0.00866588673686035,0.0230830442890726,0.0089653935807782,0.00266042353942748,1.42175909572589,0.122458047281811,0.188541902841255,0.0420604829745174,0.0383677272602702
52,0.262192242016155,0.0303306035790112,0.0321947722979171,0.941366325981711,0.00532084707885495,0.386949680485534,0.0303435869370858,0.521871258497313,0.906102976079603,1.80054262928554
53,0.0205878434839475,0.0216647168421509,0.0224755957551496,0.047815432430817,0.00266042353942748,0.943691596287852,0.204819211825329,0.838096601870304,0.214508463170039,0.602921428375675
54,0.0587359064100856,0.103990640842324,0.0643895445958341,0.155400155400155,0.0212833883154198,0.294627661282554,0.214843432509902,0.401745404788328,0.279401779759294,1.53470909041081
55,0.167730371913337,0.0433294336843017,0.248446450374492,0.00298846452692607,0.144993082898798,0.083089817282682,0.0371167090212568,0.0437544500264515,0.0697002289292002,0.00548110389432432
56,0.13866518111247,0.303306035790112,0.201065464728501,0.176319407088638,0.122379482813664,0.0401400083491217,0.111891976830504,0.0859178291428503,0.0715028210566795,0.383677272602702
57,0.287624283966914,0,0.558852651209126,0.00597692905385213,0.808768755985953,0.536671911627758,0.240581296429752,0.0560852495793606,0.140602185943387,0.0356271753131081
58,0.102939217419738,0,0.887482308061449,0,0.376449930828988,0.185045438489451,0.299101071236989,0.0815423841402052,0.385754715280573,0.0356271753131081
59,0.0193767938672447,0.0129988301052905,0.759918115937627,0.00597692905385213,0.155634777056507,0.0188658039240872,0.018422892068945,0.0286392763809501,0.214508463170039,0.0356271753131081
60,0.101122642994683,0,0.206532501533808,0.00298846452692607,0.0771522826433968,0.312690665039658,0.106473479163167,0.455046280275096,0.383351259110601,0.0137027597358108
61,0.239182299298802,0.194982451579358,0.161581310023508,0.0717231486462256,0.0385761413216984,0.0883080183680678,0.142777413534323,0.0258549022883577,0.28841474039669,0.13976814930527
62,0.234943625640342,0.0173317734737207,0.279426325604563,0.0268961807423346,0.101096094498244,0.243248450595678,0.236788348062616,0.256957951973525,0.158027243175687,0.0328866233659459
63,0.347571239993703,0.0389964903158716,0.119667361182824,0.0358615743231128,0.106416941577099,0.19789024116117,0.385255184147643,0.257355719701038,0.091331334458952,0.0109622077886486
64,2.51535005389171,0.108323584210754,0.139713162802282,0.245054091207937,0.159625412365649,0.0622170129411387,0.0460572301723624,0.0986463964232726,0.109958119776238,0.0219244155772973
65,1.82807939641287,0.515620260843191,0.0911172800884445,0.487119717888949,0.123709694583378,0.0144504030056838,0.0465990799390961,0.0151151736455014,0.0240345616997242,0
66,2.16051251619779,0.966246371159929,0.159758964421739,0.666427589504513,0.172927530062786,0.0493722102694197,0.0858831880272876,0.0226727604682522,0.0769105974391174,0.00274055194716216
67,0.538311554624393,0.537284977685342,0.303724266961482,0.0956308648616341,3.475843354262,0.00401400083491217,0.112975676363971,0.0278437409259237,0.0552794919093657,0.00274055194716216
68,0.0884066220193041,0.125655357684475,0.502967386088214,0.0358615743231128,0.444290731084389,0.185848238656434,1.03059825632745,0.196099489664006,0.0955373827564037,0
69,0.100517118186332,0.0823259240001733,0.0546703680530667,0.0657462195923734,0.0372459295519847,0.449969493593655,0.80193765476584,0.101828538243378,0.0841209659490347,0.00822165584148648
70,0.15138120208785,0.103990640842324,0.207747398601653,0.28091566553105,0.0718314355645419,0.845348575832504,0.668642612149355,0.402938707970868,0.630306380575267,0.0301460714187837
71,0.0878010972109527,0.0476623770527319,0.0279426325604563,0.170342478034786,0.00133021176971374,1.81111717671237,0.11649769984774,0.11575040870634,0.132190089348483,0.0191838636301351
72,0.208906058881232,0.0346635469474414,0.0394841547049926,0.415396569242723,0.00266042353942748,0.874650781927363,0.161471230486635,0.59864042990736,0.426613470170105,0.186357532407027
73,0.120499436861928,0.0216647168421509,0.0680342357993719,0.639531408762178,0.00665105884856869,0.383337079734113,0.166347878387238,0.707231019518462,1.14404513690687,1.44975198004878
74,0.110811039928306,0.0563282637895923,0.0473809856459911,0.221146374992529,0.0159625412365649,0.482081500272952,0.0826320894268855,0.266504377433841,0.173649708280507,2.45279399271013
75,0.360287260969082,0.368300186316565,0.303724266961482,1.17446655908194,0.13169096520166,0.168588035066311,0.100513131729097,0.0302303472910029,0.191675629555301,0.54536983748527
76,0.253714894699236,0.0563282637895923,0.168870692430584,0.131492439184747,0.129030541662233,0.0842940175331556,0.106744404046534,0.0835312227777711,0.235538704657297,0.230206363561621
77,0.122316011286982,2.29212704189956,0.991356007362276,0.26597334289642,0.419016707459828,0.0212742044250345,0.107286253813268,0.0107397286428563,0.0997434310538554,0.394639480391351
78,0.181657442505419,0.0519953204211621,1.28900578898453,0.0179307871615564,1.1040757688624,0.0818856170322083,0.169328052104274,0.00795535455026392,0.33287867954118,0.186357532407027
79,0.191345839439042,0.194982451579358,0.403345826524848,0.16735401350786,0.255400659785038,0.0810828168652259,0.0761298922260814,0.237467333325378,0.329273495286222,0.748170681575269
80,0.0169546946338391,0,0.0959768683598282,0,0.061189741406832,0.749413955878103,0.184499845572816,0.237069565597865,0.420604829745174,0.0109622077886486
81,0.373003281944461,0.0909918107370337,0.367506363023393,0.0627577550654474,0.214164094923912,0.101152821039787,0.179623197672213,0.376686037954997,0.435626430807501,0.0904382142563512
82,0.113838663970063,0.0173317734737207,0.175552626303736,0.0209192516884825,0.0877939768011067,0.426286888667673,0.478724268909202,0.220363321042311,0.0697002289292002,0.117843733727973
83,0.455354655880251,0.0389964903158716,0.20288781033027,0.107584722969338,0.0971054591891029,0.239234449760766,0.228389676678244,0.270879822436486,0.119571944456128,0.104140973992162
84,2.36457437661221,0.48962260063261,0.149432339345049,0.451258143565836,0.417686495690114,0.0345204071802447,0.0371167090212568,0.0206839218306862,0.045665667229476,0.00548110389432432
85,1.54529931091277,0.268642488842671,0.0546703680530667,0.221146374992529,0.0838033414919655,0.0172602035901223,0.0460572301723624,0.00437544500264516,0.0294423380821622,0.00548110389432432
86,1.09357780388263,0.212314225053079,0.600766600049811,0.0777000777000777,1.08811322762584,0.123229825631804,0.282845578234979,0.252184739243366,0.0841209659490347,0
87,0.135032032262362,0.177650678105637,0.0728938240707556,0.19723865877712,0.101096094498244,0.049773610352911,0.0614999485242722,0.0298325795634897,0.117769352328649,0.0274055194716216
88,0.576459617550531,0.25564365873738,0.19073883965181,0.424361962823501,0.31659040119187,0.574403519475932,0.581404799705234,0.132854420989407,0.246955121464666,0.00548110389432432
89,0.0345149140760297,0.0866588673686035,0.28489336240987,0.044826967903891,0.566670213898053,0.064625413442086,1.13544618619042,0.100237467333325,0.0811166457365692,0.00548110389432432
90,0.124132585712037,1.17856059621301,1.48338931983988,0.304823381746459,0.578642119825476,0.101554221123278,0.561356358336088,0.0580740882169266,0.199486862107711,0.00822165584148648
91,0.106572366269846,0.099657697473894,0.0807906550117541,0.143446297292451,0.0824731297222518,0.270142256189589,0.795977307331769,0.097453093240733,0.194079085725273,0.0219244155772973
92,1.06572366269846,1.89349625200399,0.236297479696033,1.47331301177455,0.171597318293072,0.0489708101859285,0.166076953503872,0.0393790050238064,0.146610826368318,0.016443311682973
93,0.606735857968101,0.693270938948828,0.212606986873037,1.42848604387066,0.0359157177822709,0.666324138595421,0.125438220998846,0.0572785527619002,0.197684269980232,0.0246649675244594
94,0.136243081879065,0.220980111789939,0.188916494050042,0.82780467395852,0.0718314355645419,0.207523843164959,0.144944812601258,0.993623783327964,0.82438546630054,0.575515908904053
95,0.227071803131774,0.411629620000867,0.182842008710812,2.8778913394298,0.0226136000851336,0.141292829388908,0.0539140517900007,0.126887905076709,0.811166457365692,1.60870399298419
96,0.275513787799886,1.18289353958144,0.395448995583849,0.322754168908015,0.0492178354794083,0.0806814167817347,0.117581399381208,0.0103419609153431,0.179057484662945,0.0876976623091891
97,0.741767890230463,1.39520776463452,0.362646774752009,1.15653577192039,0.247419389166755,0.373302077646832,0.418037095035031,0.263322235613736,0.849621756085251,0.386417824549864
98,0.00968839693362237,0.606612071580224,0.222933611949728,0.0418385033769649,0.403054166223263,0.0144504030056838,0.011649769984774,0.0111374963703695,0.0510734436119139,0.180876428512702
99,0.133215457837308,0.099657697473894,0.316480686173864,0.176319407088638,0.0997658827285304,0.0838926174496644,0.191543892540354,0.153538342820094,0.343694232306056,0.224725259667297
100,0.0411756869678951,0,0.0777534123421393,0.00298846452692607,0.143662871129084,0.645451334253878,0.3700833906791,0.12450129871163,0.260774994442008,0.00548110389432432
101,0.107177891078197,0.00433294336843017,0.128779089191668,0.0179307871615564,0.103756518037672,0.437124690921936,0.0877796622108554,0.36594630931214,0.0678976368017209,0.0411082792074324
102,0.605524808351398,0.155985961263486,0.567356930684048,0.149423226346303,0.470894966478663,0.106371022125173,0.341636277925582,0.0910888096005219,0.187469581257849,0.104140973992162
103,0.394802175045112,0.264309545474241,0.292790193350868,0.986193293885602,0.162285835905076,0.0963360200378922,0.171495451171208,0.325771768833307,0.331676951456194,0.997560908767026
104,0.190134789822339,0.112656527579185,0.132423780395206,0.128503974657821,0.0199531765457061,0.374104877813815,0.264422686166034,0.106601750973537,0.617087371640419,0.326125681712297
105,0.122921536095334,0.173317734737207,0.231437891424649,0.044826967903891,0.0345855060125572,0.142497029639382,0.306416043087893,0.0206839218306862,0.235538704657297,0.0438488311545945
106,0.0187712690588933,0.0649941505264526,0.135461023064821,0.047815432430817,0.0106416941577099,0.0272952056774028,0.0186938169523118,0.0171040122830674,0.102146887223828,0.0548110389432432
107,1.85896116163879,0.320637809263833,0.329844553920169,1.05791644253183,0.449611578163244,0.0252882052599467,0.0650219720080411,0.267697680616381,0.498717155269277,0.0767354545205404
108,0.158041974979715,0.0346635469474414,0.0437362944424534,0.200227123304046,0.0598595296371182,0.195883240743714,0.390131832048246,1.07715500610573,0.68498500844214,0.263092986927567
109,0.165913797488283,0.0953247541054638,0.225363406085419,0.044826967903891,0.329892518889007,0.281381458527343,0.935774547149058,0.175017800105806,0.0817175097790623,0
110,0.0211933682922989,0.0129988301052905,0.0431288459085304,0.0089653935807782,0.025274023624561,1.08538582576025,0.763737246211115,0.277641873804211,0.0576829480793381,0
111,0.0205878434839475,0.112656527579185,0.103266250766904,0.116550116550117,0.00665105884856869,1.3346552776083,0.326735409340406,0.149958433272475,0.109958119776238,0.0438488311545945
112,0.0587359064100856,0.0303306035790112,0.0637820960619112,0.0956308648616341,0.0159625412365649,1.15723644070518,0.518550226764127,0.21161243103702,0.171246252110535,0.0109622077886486
113,0.551633100408124,0.823259240001733,0.31769558324171,1.75124021277867,0.332552942428435,0.0858996178671205,0.13708799098362,0.0894977386904691,0.906703840122095,0.0767354545205404
114,0.630351325493806,2.1534728541098,0.578291004294661,0.875620106389337,1.21448334574864,0.0365274075977008,0.1584910567696,0.0310258827460293,0.113563304031197,0.0109622077886486
115,0.071451927385465,0.914251050738767,0.374795745430468,0.116550116550117,0.0438969884005534,0.0698436145274718,0.431312414320006,0.0099441931878299,0.276998323589321,0.0548110389432432
116,0.0829568987441415,0.476623770527319,0.226578303153265,0.950331719562489,0.061189741406832,0.0602100125236826,0.083444864076986,0.0783602423200996,0.179658348705438,1.03866918797446
117,0.050258559093166,0.0303306035790112,0.0735012726046786,0.0836770067539298,0.0571991060976908,0.148116630808259,0.233537249462214,0.131263350079355,0.138799593815907,0.153470909041081
118,0.128371259370496,0.476623770527319,0.611093225126501,0.316777239854163,0.772853038203682,0.118413024629909,0.0812774650100513,0.0143196381904751,0.167641067855576,1.18939954506838
119,0.182262967313771,0.285974262316392,0.50418228315606,0.322754168908015,0.666436096626583,0.148919430975242,0.316711188655833,0.0429589145714252,0.224122287849928,0.348050097289594
120,0.0544972327516258,0.0519953204211621,0.451334260704762,0.0717231486462256,0.147653506438225,0.105166821874699,0.09509463406176,0.0580740882169266,0.113563304031197,0.0465893831017567
121,0.257348043549344,0.0129988301052905,0.11480777291144,0.0328731097961867,0.081142917952538,0.493320702610706,0.263338986632566,0.344069084298914,0.382750395068108,0.487818246594864
122,0.214961306964746,0.0519953204211621,0.152469582014664,0.0956308648616341,0.103756518037672,0.407421084743586,0.300455695653823,0.0887022032354427,0.0733054131841588,0.712543506262161
123,0.399646373511923,0.0476623770527319,0.0583150592566045,0.391488853027315,0.0119719059274236,0.596480524067949,0.0894052115110564,0.159902626460305,0.224723151892421,0.504261558277837
124,0.331827594976566,0.108323584210754,0.121489706784593,0.00298846452692607,0.0226136000851336,0.0513792106868758,0.209424934842566,0.0131263350079355,0.0594855402068174,0.00548110389432432
125,0.403279522362031,1.39954070800295,0.380262782235775,0.092642400334708,0.0971054591891029,0.04616100960149,0.124896371232112,0.00835312227777711,0.304638069544004,0.0191838636301351
126,0.124738110520388,0.173317734737207,0.0844353462152919,0.218157910465603,0.00532084707885495,0.301050062618413,0.165264178853771,0.0326169536560821,0.785930167580982,0.55907259722108
127,1.40178993133349,0.199315394947788,0.0510256768495289,1.11469726854342,0.0598595296371182,0.215551844834784,0.0628545729411063,0.0572785527619002,0.375540026558191,0.0246649675244594
128,0.15138120208785,0.0216647168421509,0.0577076107226815,0.179307871615564,0.0412365648611259,0.33958447063357,0.20048441369146,1.35400134445492,0.809964729280706,0.367233960919729
129,0.0405701621595437,0.0909918107370337,0.0868651403509838,0.0328731097961867,0.0838033414919655,0.129652226967663,0.362768418828196,1.26927681849461,0.167040203813083,0.246649675244594
130,0.00908287212527097,0.0389964903158716,0.199243119126732,0.00597692905385213,0.055868894327977,0.30988086445522,0.974516805470515,0.482094485745994,0.124979720838566,0.0411082792074324
131,0.0181657442505419,0.0346635469474414,0.0443437429763763,0.0239077162154085,0.0106416941577099,0.415850486496901,0.498230860511615,0.556477050790961,0.227126608062394,0.172654772671216
132,0.170757995955094,0.342302526105984,0.1640111041592,0.627577550654474,0.105086729807385,0.411836485661989,0.50717138166272,0.209225824671941,0.350904600815973,0.068513798679054
133,0.0726629770021678,0.220980111789939,0.168263243896661,0.316777239854163,0.0106416941577099,0.539481712212196,0.498772710278348,0.0433566822989384,0.10635293552128,0.0876976623091891
134,0.0865900475942499,0.415962563369297,0.554600511471666,0.403442711135019,0.188890071299351,0.329549468546289,0.593867344340108,0.0863155968703635,0.502923203566729,0.0274055194716216
135,0.0569193319850314,0.134321244421335,0.224755957551496,0.612635228019843,0.0957752474193892,0.0658296136925596,0.152801634218896,0.198486096029085,0.960180739903982,0.978377045136891
136,0.231916001598585,0.0909918107370337,0.146395096675434,0.131492439184747,0.605246355219751,0.0602100125236826,0.151988859568796,0.0342080245661349,0.0781123255241037,0.106881525939324
137,0.0224044179090017,0.0563282637895923,0.116630118513209,0.155400155400155,0.115728423965095,0.0754632156963489,0.175559324421711,0.164675839190463,0.22832833614738,0.0219244155772973
138,0.0248265171424073,0.0216647168421509,0.0352320149675319,0.0119538581077043,0.0425667766308396,0.177820236986609,0.115414000314273,0.114954873251314,0.0360518425495863,0.00548110389432432
139,0.0926452956777639,0.311971922526973,0.419139488406845,0.0358615743231128,0.283335106949026,0.0280980058443852,0.118394174031308,0.0660294427671905,0.235538704657297,0.137027597358108
140,0.0429922613929493,0.0259976602105811,0.0455586400442223,0.0418385033769649,0.00931148238799617,0.0124434025882277,0.0140880939350756,0.0457432886640175,0.0564812199943519,0.0137027597358108
141,0.0405701621595437,0.00433294336843017,0.0473809856459911,0.00597692905385213,0.00133021176971374,0.00642240133585948,0.00135462441683419,0.0700071200423225,0.00660950446742416,0.0301460714187837
142,0.0133215457837308,0.0693270938948828,0.0613523019262193,0.0956308648616341,0.364478024901564,0.0168588035066311,0.0298017371703522,0.00636428364021113,0.0853226940340209,0.0602921428375675
143,0.0272486163758129,0.0606612071580224,0.126956743589899,0.0388500388500388,0.0598595296371182,0.0212742044250345,0.0306145118204527,0.0513120368492023,0.168241931898069,0.101400422045
144,0.0569193319850314,0,0.00121489706784593,0,0,0.0393372081821393,0.06339642270784,0,0.00120172808498621,0
145,0.253714894699236,0.723601542527839,0.235082582628187,1.35676289522443,0.0412365648611259,0.0618156128576475,0.126250995648946,0.0270482054708973,0.782925847368516,0.117843733727973
146,0.202245285989367,0.454959053685168,0.384514921973236,0.101607793915486,0.101096094498244,0.203108442246556,0.846098410754634,0.0377879341137536,0.230130928274859,0.0109622077886486
147,0.466254102430577,0.420295506737727,0.365076568887701,0.373558065865758,0.961743109503033,0.0413442085995954,0.202651812758395,0.854405078698345,0.1394004578584,0.0219244155772973
148,0.0557082823683286,0.814593353264873,1.36615175279274,0.131492439184747,0.192880706608492,0.0698436145274718,0.260358812915531,0.271675357891513,0.0721036850991726,0.016443311682973
149,0.208906058881232,0.116989470947615,0.315873237639941,0.367581136811906,0.53740555496435,0.0481680100189461,0.373063564396136,0.615346674462914,0.782324983326023,0.20280084409
150,0.110205515119954,0.0909918107370337,0.11480777291144,0.11356165202319,0.0186229647759923,0.99587360714171,0.463823400324026,0.0867133645978767,0.0474682593569553,0.0219244155772973
151,0.0841679483608443,0.099657697473894,0.218681472212267,0.421373498296575,0.200861977226775,0.0714492148614367,0.327548183990507,0.506756084851812,1.16387365030914,0.575515908904053
152,0.0169546946338391,0.0259976602105811,0.314658340572095,0.0328731097961867,0.0904544003405342,0.183439838155486,0.622043532210259,0.209225824671941,0.231332656359845,0.068513798679054
153,0.012110496167028,0.524286147580051,0.126956743589899,0.0328731097961867,0.114398212195382,0.0734562152788928,0.140610014467389,0.195303954208979,0.159228971260673,0.589218668639864
154,0.181657442505419,2.92040383032194,0.745946799657399,2.05008666547128,0.211503671384484,0.0421470087665778,0.0685439954918099,0.0178995477380938,0.358715833368384,0.0356271753131081
155,0.170152471146743,0.298973092421682,0.184664354312581,0.391488853027315,0.081142917952538,0.174207636235188,0.0661056715415084,0.366344077039653,0.427214334212598,0.523445421907972
156,0.475336974555848,0.103990640842324,0.134853574530898,0.0836770067539298,0.403054166223263,0.298641662117466,0.350847723960055,0.0696093523148093,0.0582838121218312,0.0548110389432432
157,0.0823513739357901,0.00866588673686035,0.0406990517728386,0.0358615743231128,0.170267106523359,0.64304293375293,0.36412304324503,0.205645915124322,0.0240345616997242,0.109622077886486
158,0.0381480629261381,0.0259976602105811,0.103873699300827,0.0209192516884825,0.289986165797595,0.421871487749269,0.367645066728799,0.190928509206334,0.146610826368318,0.150730357093919
159,0,0,0.0285500810943793,0.00298846452692607,0,0.305866863620308,0.0124625446348745,1.1272737397724,0.453051488039801,0.147989805146757
160,0.00968839693362237,0.134321244421335,0.190131391117888,0.0597692905385213,0.00665105884856869,0.130455027134646,0.00596034743407043,0.0250593668333313,1.76173337258978,0.394639480391351
161,0.227071803131774,0.229645998526799,0.167048346828815,0.534935150319766,0.0665105884856869,0.190665039658328,0.166347878387238,0.0509142691216891,0.134593545518456,0.106881525939324
162,0.0236154675257045,0.0433294336843017,0.0935470742241364,0.723208415516108,0.234117271469618,0.0377316078481744,0.0810065401266845,0.0270482054708973,0.0432622110595036,0.00822165584148648
163,0.0211933682922989,0.073660037263313,0.214429332474806,0.0747116131731516,0.0319250824731297,0.0373302077646832,0.0292598874036185,0.0389812372962932,0.14901428253829,0.158952012935405
164,0.068424303343708,0.0823259240001733,0.150039787878972,0.0687346841192995,0.00266042353942748,0.0594072123567002,0.0368457841378899,0.0310258827460293,0.141803914028373,0.0465893831017567
165,0.0290651908008671,0.0649941505264526,0.0820055520796001,0.0717231486462256,0.0106416941577099,0.0272952056774028,0.0352202348376889,0.00914865773280351,0.121374536583607,0.0465893831017567
166,0.0375425381177867,0.550283807790632,0.264847560790412,0.310800310800311,0.397733319144408,0.024084005009473,0.0487664790060308,0.0238660636507918,0.14120304998588,0.0739949025733783
167,1.64763300352415,0.554616751159062,0.261810318120797,0.403442711135019,0.324571671810152,0.0441540091840339,0.06339642270784,0.0513120368492023,0.0600864042493105,0.0109622077886486
168,0.752667336780788,2.58243424758438,1.09887439786664,0.478154324308171,1.79046504203469,0.0168588035066311,0.0715241692088452,0.0322191859285689,0.0709019570141864,0.00274055194716216
169,0.00787182250856818,0.524286147580051,0.409420311864077,0.158388619927081,0.025274023624561,0.225185446838573,0.613915785709254,0.133252188716921,0.272191411249377,0.0246649675244594
170,0.0115049713586766,1.87183153516184,1.81505621936181,0.0986193293885602,0.349845695434713,0.0204714042580521,0.217823606226937,0.0290370441084633,0.091331334458952,0
171,0.00968839693362237,0.0433294336843017,0.281856119740255,0.0089653935807782,0.347185271895286,0.0485694101024373,0.878338471875288,0.11575040870634,0.097339974883883,0
172,0.00908287212527097,0.203648338316218,0.457408746043991,0.047815432430817,0.133021176971374,0.0846954176166469,0.477911494259102,0.259344558338604,0.203692910405163,0.147989805146757
173,0.0314872900342727,1.14389704926557,1.10069674346841,0.242065626681011,0.224805789081622,0.0349218072637359,0.162284005136736,0.0198883863756598,0.202491182320176,0.0411082792074324
174,0.015138120208785,0.0303306035790112,0.0467735371120682,0.0239077162154085,0.262051718633606,0.140490029221926,0.230015225978445,0.142400846449724,0.0372535706345725,0.295979610293513
175,0.074479551427222,0.0259976602105811,0.0194383530855348,0.044826967903891,0.0345855060125572,0.049773610352911,0.162825854903469,0.0453455209365043,0.106953799563773,0.164433116829729
176,0.315478425151078,0.528619090948481,0.315265789106018,0.26597334289642,0.750239438118549,0.110786423043576,0.205090136708696,0.040572308206346,0.0618889963767898,0.285017402504864
177,0.00666077289186538,0.844923956843884,0.677912563858027,0.218157910465603,0.0119719059274236,0.0726534151119104,0.0224867653194475,0.0835312227777711,0.855029532467689,0.153470909041081
178,0.00423867365845979,0.00433294336843017,0.0400916032389156,0.0179307871615564,0.00399063530914122,0.961754600044957,0.103764230329499,0.721550657708937,0.200087726150204,0.0822165584148647
179,0.0108994465503252,0.0866588673686035,0.319517928843479,0.0806885422270038,0.00665105884856869,0.819257570405575,0.0531012771399002,0.146378523724856,0.76249646992375,0.0356271753131081
180,0.0139270705920822,0.0519953204211621,0.341386076064705,0.047815432430817,0.0199531765457061,0.196686040910697,0.00568942255070359,0.140014240084645,1.98825911660968,0.0931787662035134
181,0.349387814418757,0.264309545474241,0.154899376150356,1.08780108780109,0.222145365542194,0.229199447673485,0.178268573255379,0.00517098045767155,0.264380178696966,0.827646688042972
182,0.599469560267884,0.623943845053945,0.194990979389271,1.23124738509354,0.25274023624561,0.184242638322469,0.211863258792867,0.0111374963703695,0.444639391444898,0.422044999862972
183,0.012110496167028,0.0346635469474414,0.0813981035456771,0.0298846452692607,0.00399063530914122,0.0413442085995954,0.0268215634533169,0.0481298950290967,0.188671309342835,0.0767354545205404
184,0.110205515119954,0.0433294336843017,0.0929396256902134,0.164365548980934,0.0399063530914122,0.042548408850069,0.071795094092212,0.0596651591269794,0.0366527065920794,0.0109622077886486
185,0.0381480629261381,0.0433294336843017,0.0364469120353778,0.119538581077043,0.0412365648611259,0.0441540091840339,0.030072662053719,0.0095464254603167,0.0654941806317484,0.0575515908904053
186,0.0169546946338391,0.0433294336843017,0.119667361182824,0.0836770067539298,0.00532084707885495,0.0293022060948589,0.0468700048224629,0.0334124891111085,0.132790953390976,0.052070486996081
187,0.127160209753794,3.28437107327007,1.49007125371303,1.1236626621242,0.357826966052996,0.0200700041745609,0.0650219720080411,0.0656316750396773,0.177855756577959,0.0712543506262161
188,0.0466254102430577,4.43260106590407,0.341993524598628,0.552865937481322,0.0332552942428435,0.00481680100189461,0.020048441369146,0.00715981909523753,0.0234336976572311,0.00274055194716216
189,0.0847734731691957,2.49144243684735,1.41474763550658,0.343673420596498,1.03091412152815,0.00963360200378922,0.0899470612777901,0.0143196381904751,0.136396137645935,0.016443311682973
190,0.115655238395117,0.654274448632956,0.484743930070525,0.0627577550654474,3.88022773225497,0.00401400083491217,0.136817066100253,0.020286154103173,0.0703010929716933,0
191,0.0399646373511923,0.0519953204211621,0.0984066624955201,0.0179307871615564,0.0585293178674045,0.322324267043448,1.16958272149464,0.141207543267185,0.109958119776238,0.00822165584148648
192,0.00787182250856818,0.199315394947788,0.873510991781221,0.0089653935807782,0.969724380121315,0.0112392023377541,0.293411648686285,0.079155777775126,0.108155527648759,0.0219244155772973
193,0.0199823186755961,0,0.00607448533922963,0.00597692905385213,0,0.00441540091840339,0.00406387325050257,0.00676205136772433,0.0420604829745174,0.00822165584148648
194,0.697564579220811,0.0173317734737207,0.0522405739173748,0.268961807423346,0.0425667766308396,0.0108378022542629,0.050121103422865,0.00636428364021113,0.274594867419349,0.789278960782702
195,0.36392040981919,0.0346635469474414,0.0522405739173748,0.0956308648616341,0.0292646589337022,0.0136476028387014,0.0837157889603529,0.0127285672804223,0.767303382263695,0.268574090821892
196,0.155619875746309,0.350968412842844,0.099621559563366,0.245054091207937,0.340534213046717,0.200700041745609,0.153614408868997,0.0863155968703635,0.0588846761643243,0.424785551810135
197,0.0248265171424073,0.363967242948135,0.20288781033027,0.158388619927081,0.130360753431946,0.419463087248322,0.237601122712717,0.174620032378293,0.21871451146749,0.293239058346351
198,0.0314872900342727,0.129988301052905,0.403953275058771,0.110573187496264,0.0372459295519847,0.305465463536816,0.149008685851761,0.0457432886640175,0.189272173385328,0.0191838636301351
199,0.158647499788066,0.108323584210754,0.136675920132667,0.0806885422270038,0.768862402894541,0.0289008060113677,0.278781704984476,0.00517098045767155,0.0306440661671484,0.0109622077886486
200,0.00968839693362237,0.0909918107370337,0.359002083548471,0.0418385033769649,0.0106416941577099,0.149320831058733,0.0157136432352766,0.095464254603167,0.727045491416657,0.0301460714187837
201,0.873166773642716,0.151653017895056,0.201672913262424,0.702289163827625,0.144993082898798,0.924022992196782,0.504191207945685,0.0226727604682522,0.237341296784777,0.194579188248513
202,1.04876896806462,0.264309545474241,0.133638677463052,0.421373498296575,0.0452272001702671,0.710076747695964,0.551603062534882,0.058869623671953,0.150216010623276,0.068513798679054
203,0.721180046746515,0.316304865895403,0.0704640299350638,0.493096646942801,0.0771522826433968,0.13848302880447,0.175559324421711,0.0429589145714252,0.223521423807435,0.0986598700978377
204,0.553449674833178,0.212314225053079,0.0880800374188297,0.585739047277509,0.355166542513568,0.157348832728557,0.21673990669347,0.265311074251302,0.310646709968935,0.232946915508783
205,0.19074031463069,0.0216647168421509,0.0431288459085304,0.224134839519455,0.0838033414919655,0.0509778106033846,0.0707113945587446,0.0743825650449676,0.0618889963767898,0.0137027597358108
206,0.159858549404769,0.151653017895056,0.161581310023508,0.732173809096886,0.324571671810152,0.0413442085995954,0.0769426668761819,0.0198883863756598,0.194679949767766,0.183616980459865
207,0.0569193319850314,0.0563282637895923,0.230830442890726,0.0567808260115952,0.192880706608492,0.0903150187855239,0.0842576387270865,0.134047724171947,0.0979408389263761,0.0822165584148647
208,0.0145325954004336,0.108323584210754,0.0765385152742934,0.0537923614846692,0.188890071299351,0.00762660158633313,0.0138171690517087,0.0119330318253959,0.0522751716969001,0.0931787662035134
209,0.20769500926453,0.129988301052905,0.0874725888849067,1.19837427529735,0.0385761413216984,0.183439838155486,0.140068164700655,0.344864619753941,0.431420382510049,0.726246265997972
210,0.0817458491274388,0.23831188526366,0.237512376763879,0.248042555734863,0.485527295945515,0.0935262194534536,0.535347569532871,0.536190896687788,0.202491182320176,0.0849571103620269
211,0.0199823186755961,0.155985961263486,0.154291927616433,0.0986193293885602,0.0146323294668511,0.0329148068462798,0.0325109860040205,0.0198883863756598,0.181460940832918,0.0931787662035134
212,0.0308817652259213,0.48528965726418,0.374795745430468,0.092642400334708,0.464243907630095,0.0373302077646832,0.457592128006589,0.0632450686745982,0.194679949767766,0.0328866233659459
213,0.353020963268865,0.00433294336843017,0.00911172800884445,0.101607793915486,0.0146323294668511,0.0441540091840339,0.0476827794725634,0.0218772250132258,0.225324015934914,0.0767354545205404
214,0.356654112118974,0.00433294336843017,0.00364469120353778,0.0537923614846692,0.00266042353942748,0.0714492148614367,0.0430770564553272,0.0230705281957654,0.358715833368384,0.0602921428375675
215,1.00032698339651,0,0.0066819338731526,0.158388619927081,0.00266042353942748,0.0541890112713143,0.0712532443254783,0.0417656113888856,0.102747751266321,0.153470909041081
216,0.00363314885010839,0,0.00242979413569185,0.00298846452692607,0.00133021176971374,0.00602100125236826,0.0021673990669347,1.0882925024761,0.011416416807369,0.00274055194716216
217,0.0157436450171364,0.0173317734737207,0.0151862133480741,0.0149423226346303,0.176918165371927,0.0895122186185415,0.499856409811816,0.0246615991058181,0.0120172808498621,0.0191838636301351
218,0.0690298281520594,0.00866588673686035,0.0382692576371467,0.0089653935807782,0.255400659785038,0.324331267460904,0.535347569532871,0.0290370441084633,0.0102146887223828,0.0191838636301351
219,0.00544972327516258,0.0173317734737207,0.0413065003067615,0.0119538581077043,0,0.754230756879997,0.13194041819965,0.120125853708985,0.1045503433938,0.0219244155772973
220,0.00787182250856818,0.00433294336843017,0.0388767061710697,0.00597692905385213,0.0678408002554007,0.276564657525449,0.484413691459906,0.108192821883589,0.0498717155269277,0.0109622077886486
221,1.44175456868468,0.281641318947961,0.1640111041592,1.39561293407447,0.106416941577099,0.269740856106098,0.481975367509604,0.0457432886640175,0.33287867954118,0.386417824549864
222,0.356048587310622,0.0129988301052905,0.0321947722979171,0.044826967903891,0.0438969884005534,1.79947657429113,0.309667141688296,0.0556874818518474,0.0408587548895311,0.0191838636301351
223,0.559504922916692,0.125655357684475,0.0692491328672178,0.221146374992529,0.428328189847824,0.940078995536431,0.306957892854627,0.081144616412692,0.155623787005714,0.0959193181506755
224,0.330616545359863,0.116989470947615,0.0516331253834519,0.421373498296575,0.278014259870171,0.106772422208664,0.109995502646936,0.0910888096005219,0.138198729773414,0.0465893831017567
225,0.257348043549344,0.437627280211448,0.28489336240987,1.01607793915486,1.88357986591465,0.243248450595678,0.157136432352766,0.0369923986587272,0.469274817187115,0.594699772534188
226,0.559504922916692,0.307638979158542,0.209569744203422,1.17446655908194,0.774183249973396,0.211939244083363,0.244374244796888,0.0338102568386217,0.526957765266453,0.767354545205404
227,0.0787182250856818,0.272975432211101,0.118452464114978,0.543900543900544,0.530754496115782,0.0309078064288237,0.0612290236409053,0.0684160491322697,0.0727045491416657,1.68817999945189
228,0.0896176716360069,0.350968412842844,0.588010180837429,0.696312234773773,1.31957007555603,0.187453838990398,0.184770770456183,0.0326169536560821,0.430819518467556,0.849571103620269
229,0.0314872900342727,0.129988301052905,0.764777704209011,0.137469368238599,0.0984356709588166,0.0264924055104203,0.308041592388094,1.03857153653695,0.281204371886773,1.87727808380608
230,0.0193767938672447,0.0303306035790112,0.846783256288611,0.0388500388500388,0.0412365648611259,0.0289008060113677,0.537514968599806,1.54254324729617,0.0612881323342967,0.668694675107567
231,0.00726629770021678,0.00866588673686035,0.176767523371582,0.00298846452692607,0.025274023624561,0.00521820108538583,0.0894052115110564,0.592276146267149,0.0102146887223828,0.0411082792074324
232,0.00363314885010839,0,0.0692491328672178,0.00298846452692607,0,0.00321120066792974,0.0360330094877894,0.712401999976134,0.0126181448923552,0.00548110389432432
233,0.884066220193041,0.0129988301052905,0.0182234560176889,0.0508038969577431,0.00266042353942748,0.04616100960149,0.0484955541226639,0.0540964109417946,0.300432021246553,0.0383677272602702
234,0.270669589333075,0.0129988301052905,0.0358394635014548,0.047815432430817,0.00665105884856869,0.0473652098519637,0.102409605912665,0.0807468486851788,0.66575735908236,0.109622077886486
235,1.0814673077156,0,0.0206532501533808,0.0747116131731516,0.00266042353942748,0.0321120066792974,0.0609580987575385,0.0401745404788328,0.159228971260673,0.361752857025405
236,0.141692805154227,0.25997660210581,0.0777534123421393,0.125515510130895,0.144993082898798,0.0393372081821393,0.130314868899449,0.142798614177237,0.173649708280507,1.38945983721121
237,0.164097223063229,0.589280298106504,0.261202869586874,0.164365548980934,0.103756518037672,0.0525834109373495,0.156323657702665,0.809855093216867,0.112361575946211,1.67721779166324
238,0.0139270705920822,0.00433294336843017,0.0230830442890726,0.00298846452692607,0.00532084707885495,0.0200700041745609,0.0883215119775891,1.19887193072477,0.0396570268045449,0.104140973992162
239,0.22949390236518,0.00433294336843017,0.0145787648141511,0,0,0.0325134067627886,0.033323760654121,1.10141883748404,0.0198285134022725,0.0109622077886486
240,0.00787182250856818,0.0346635469474414,0.0467735371120682,0.047815432430817,0.00133021176971374,0.0120420025047365,0.0127334695182414,0.03858346956878,0.132190089348483,0.0465893831017567
241,1.12143194506679,0.0519953204211621,0.0868651403509838,0.233100233100233,0.0345855060125572,1.44584310073536,0.736915682757799,0.143196381904751,0.108756391691252,0.0356271753131081
242,0.79263197413198,0.190649508210928,0.0571001621887586,0.376546530392684,0.198201553687347,0.606916926238721,0.462468775907192,0.081144616412692,0.0781123255241037,0.211022499931486
243,0.331222070168215,0.00866588673686035,0.0649969931297571,0.044826967903891,0.199531765457061,1.86891878873511,0.259004188498697,0.307076685640187,0.0781123255241037,0.0274055194716216
244,0.304578978600753,0.0606612071580224,0.191953736719656,0.236088697627159,0.767532191124827,0.976606403134132,0.273363207317139,0.212407966492047,0.140602185943387,0.0876976623091891
245,0.429922613929493,0.24264482863209,0.158544067353893,0.774012312473851,0.598595296371182,0.592867923316528,0.270924883366838,0.022274992740739,0.209100686787601,0.580997012798378
246,0.159253024596418,0.463624940422029,0.570394173353663,0.998147151993306,2.27732254974992,0.262917054686747,0.251147366881059,0.0723937264074017,0.359316697410877,0.745430129628107
247,0.122316011286982,0.125655357684475,0.521190842105903,0.242065626681011,0.661115249547728,0.557544715969301,0.298830146353622,0.0843267582327975,0.383351259110601,0.052070486996081
248,0.0853789979775471,0.25131071536895,0.182234560176889,0.711254557408404,0.591944237522614,0.0216756045085257,0.0720660189755788,0.229511978775114,0.141803914028373,1.70736386308202
249,0.0387535877344895,0.298973092421682,0.431288459085304,0.212180981411751,0.279344471639885,0.0349218072637359,0.374147263929603,0.264913306523789,0.0907304704164589,1.34287045410946
250,0.0345149140760297,0.0433294336843017,0.404560723592694,0.047815432430817,0.0319250824731297,0.012844802671719,0.0628545729411063,0.568012314888844,0.0294423380821622,0.205541396037162
251,0.0102939217419738,0,0.0807906550117541,0.0119538581077043,0.0106416941577099,0.00160560033396487,0.0365748592545231,0.393790050238064,0.045665667229476,0.109622077886486
252,0.00787182250856818,0.0129988301052905,0.23569003116211,0.00597692905385213,0.00266042353942748,0.0232812048424906,0.272279507783672,1.13005811386499,0.0733054131841588,0.142508701252432
253,0.0435977862013007,0.112656527579185,0.0321947722979171,0.0836770067539298,0.00931148238799617,0.00401400083491217,0.153885333752364,0.244229384693102,0.176654028492973,1.4415303242073
254,0.128371259370496,0.155985961263486,0.209569744203422,0.259996413842568,0.162285835905076,0.162968433897434,0.126250995648946,0.14558298826983,0.120773672541114,0.101400422045
255,0.0647911544935996,0.125655357684475,0.0255128384247645,0.200227123304046,0.00798127061828243,0.0188658039240872,0.167973427687439,0.302701240637542,0.355711513155918,0.389158376497027
256,0.102333692611386,0.173317734737207,0.11480777291144,0.0986193293885602,0.0266042353942748,0.0116406024212453,0.392841080881915,0.344069084298914,0.365926201878301,1.28531886321905
257,0.160464074213121,0.875254560422895,0.796365027973005,0.0508038969577431,0.151644141747366,0.162567033813943,0.242206845729953,1.37190089219301,0.120773672541114,3.02830990161419
258,0.015138120208785,0.00866588673686035,0.0546703680530667,0.00298846452692607,0.00266042353942748,0.0465624096849812,0.161200305603268,0.792353313206286,0.159228971260673,0.20280084409
259,0.0012110496167028,0,0.0109340736106133,0,0.00133021176971374,0.0863010179506117,0.0457863052889956,1.56720484640199,0.00180259212747932,0
260,0.0133215457837308,0,0.000607448533922963,0,0,0.0172602035901223,0.0189647418356786,1.43594149632264,0.00540777638243795,0
261,1.82081309871265,0.424628450106157,0.162796207091354,1.08182415874724,0.0638501649462594,0.245656851096625,0.586552372489204,0.135241027354487,0.38515385123808,0.254871331086081
262,1.81051917697068,0.142987131158196,0.0917247286223675,0.597692905385213,0.0319250824731297,0.423477088083234,0.66999723656619,0.179791012835965,0.196482541895245,0.13976814930527
263,1.63249488331537,0.0953247541054638,0.0789683094099852,0.591715976331361,0.1742577418325,0.468835297517742,0.633422377311667,0.243036081510563,0.144808234240838,0.326125681712297
264,0.359076211352379,0.0866588673686035,0.112377978775748,0.26597334289642,0.626529743535171,0.578417520310844,0.233266324578847,0.269288751526434,0.162233291473138,0.0822165584148647
265,0.494108243614741,0.298973092421682,0.162188758557431,0.702289163827625,1.34218367564116,0.293824861115571,0.335134080724778,0.387425766597853,0.203692910405163,0.397380032338513
266,0.197401087522556,0.203648338316218,0.479884341799141,0.54688900842747,1.11604767478983,0.274557657107993,0.328360958640607,0.169051284193108,0.468073089102129,0.172654772671216
267,0.127765734562145,0.524286147580051,0.688239188934717,0.690335305719921,0.85399595615622,0.226389647089047,0.28447112753518,0.0692115845872961,1.03408701713063,0.400120584285675
268,0.0787182250856818,0.25997660210581,0.337741384861168,0.436315820931206,0.655794402468873,0.215953244918275,0.268486559416536,0.0397767727513196,0.308243253798963,0.454931623228918
269,0.111416564736657,0.116989470947615,0.1640111041592,0.164365548980934,0.0944450356496754,0.0264924055104203,0.133295042616484,0.243036081510563,0.783526711411009,0.389158376497027
270,0.0720574521938164,0.0519953204211621,0.0795757579439082,0.0298846452692607,0.115728423965095,0.0389358080986481,0.133565967499851,0.330147213835953,0.0504725795694208,0.411082792074324
271,0.0884066220193041,0.164651848000347,0.391804304380311,0.134480903711673,0.0838033414919655,0.0236826049259818,0.264151761282667,1.08908803793113,0.304638069544004,1.68543944750473
272,0.0787182250856818,0.290307205684822,0.391196855846388,0.328731097961867,0.329892518889007,0.0317106065958062,0.146841286784826,0.10580621551851,0.57082084036845,1.49360081120338
273,0.0478364598597605,0.0216647168421509,0.00121489706784593,0.0358615743231128,0,0.0168588035066311,0.0988875824288958,0.208430289216915,0.391763355705505,0.21650360382581
274,0.0702408777687622,0.168984791368777,0.0273351840265334,0.161377084454008,0.00399063530914122,0.0164574034231399,0.319691362372868,0.371912825224838,0.46446790484717,0.315163473923648
275,0.0738740266188706,0.554616751159062,0.0795757579439082,0.248042555734863,0.0758220708736831,0.0381330079316657,0.265235460816134,0.128478975986762,0.543181094413767,0.876976623091891
276,0.077507175468979,0.168984791368777,0.165833449760969,0.257007949315642,0.125039906353091,0.031309206512315,0.282845578234979,0.346455690663994,0.782324983326023,0.956452629559593
277,0.053286183134923,0.0693270938948828,0.449511915102993,0.0508038969577431,0.0345855060125572,0.146511030474294,0.191272967656987,0.560852495793606,0.334080407626166,1.35383266189811
278,0.0454143606263549,0,0.115415221445363,0,0.00665105884856869,0.10556822195819,0.080193765476584,1.55208967275649,0.0282406099971759,0.0630326947847296
279,0.00423867365845979,0,0.0352320149675319,0,0.00399063530914122,0.115201823961979,0.0804646903599508,2.01747791394693,0.00721036850991726,0.0109622077886486
280,0.0157436450171364,0,0.00728938240707556,0,0,0.00120420025047365,0.00189647418356786,0.39577888887563,0.00480691233994484,0.00548110389432432
281,0.202850810797718,0.0693270938948828,0.0747161696725245,0.125515510130895,0.0971054591891029,0.581227320895283,0.227847826911511,0.176211103288346,0.0606872682918036,0.0411082792074324
282,1.19046177321885,0.24697777200052,0.106910941970442,0.543900543900544,0.415026072150686,0.571593718891494,0.555125086018651,0.228318675592574,0.226525744019901,0.232946915508783
283,0.787787775665169,0.0519953204211621,0.0947619712919823,0.286892594584902,0.202192188996488,0.722921550367682,0.459759527073524,0.488856537113718,0.313651030181401,0.128805941516621
284,0.598258510651181,0.112656527579185,0.114200324377517,0.367581136811906,0.454932425242099,0.571995118974985,0.337030554908346,0.798319829118984,0.251161169762118,0.27953629861054
285,0.0932508204861153,0.173317734737207,0.177982420439428,0.36459267228498,0.19554113014792,0.0317106065958062,0.22188747947744,0.401745404788328,0.147211690410811,0.674175779001891
286,0.0496530342848146,0,0.0145787648141511,0,0.0904544003405342,0.950515397707203,0.251147366881059,0.0636428364021114,0.14901428253829,0
287,0.118077337628523,0.415962563369297,0.165833449760969,0.358615743231128,0.2420985420879,0.09232201920298,0.529929071865535,0.0914865773280351,0.243349937209708,0.0904382142563512
288,0.244632022573965,0.190649508210928,0.269707149061796,0.310800310800311,0.1742577418325,0.232812048424906,0.241935920846586,0.178995477380938,0.67537118376225,0.0904382142563512
289,0.240393348915505,0.229645998526799,0.271529494663565,0.245054091207937,0.129030541662233,0.124835425965769,0.496334386328047,0.293154815177225,0.773312022688626,0.0959193181506755
290,0.0853789979775471,0.177650678105637,0.215036781008729,0.236088697627159,0.160955624135362,0.0337176070132623,0.237872047596083,0.217976714677231,0.430218654425063,0.849571103620269
291,0.123527060903685,0.225313055158369,0.321947722979171,0.274938736477198,0.19554113014792,0.0734562152788928,0.354640672327191,0.133649956444434,0.245152529337187,1.01948532434432
292,0.00726629770021678,0.0216647168421509,0.0589225077905274,0.0328731097961867,0.0226136000851336,0.0252882052599467,0.0373876339046236,0.0735870295899412,0.109958119776238,0.0739949025733783
293,0.0357259636927325,0.00866588673686035,0.0066819338731526,0.0239077162154085,0,0.0124434025882277,0.320775061906336,0.285597228354475,0.737861044181533,0.367233960919729
294,0.0381480629261381,0.0259976602105811,0.00971917654276741,0.00597692905385213,0.00266042353942748,0.0172602035901223,0.1576782821195,0.387823534325366,0.767303382263695,0.331606785606621
295,0.347571239993703,0.827592183370163,0.292182744816945,0.289881059111828,0.27402362456103,0.324732667544395,0.378482062063472,0.346853458391507,0.27098968316439,0.24116857135027
296,0.271275114141426,0.398630789895576,0.640858203288726,0.101607793915486,0.224805789081622,0.157348832728557,0.192898516957188,0.452261906182504,0.50112061143925,1.61144454493135
297,0.195584513097502,0.23831188526366,0.917247286223675,0.0209192516884825,0.0638501649462594,0.348816672553868,0.487393865176941,1.4287816772274,0.23794216082727,2.50486447970621
298,0.280357986266697,0.212314225053079,0.341386076064705,0.0388500388500388,0.0199531765457061,0.0967374201213834,0.162554930020103,1.48367362362422,0.106953799563773,0.912603798404999
299,1.17229602896831,0.125655357684475,0.241157067967416,0.11356165202319,0.00133021176971374,0.100751420956296,0.104577004979599,0.336113729748651,0.120773672541114,0.21650360382581
300,0.271880638949778,0.0129988301052905,0.205925052999885,0.0179307871615564,0,0.0108378022542629,0.00731497185090462,0.437942267992029,0.00841209659490347,0.0246649675244594
301,0.202245285989367,0.112656527579185,0.113592875843594,0.173330942561712,0.0478876237096946,0.453983494428567,0.356266221627392,0.363957470674574,0.107554663606266,0.0301460714187837
302,0.14290385477093,0.0823259240001733,0.140928059870128,0.119538581077043,0.243428753857614,0.702851546193122,0.195607765790857,0.432771287534357,0.0642924525467622,0.0493299350489189
303,0.258559093166047,0.216647168421509,0.300687024291867,0.484131253362023,0.43763967223582,0.28700105969622,0.388777207631412,0.783602423200996,0.180860076790425,0.169914220724054
304,0.262797766824507,0.233978941895229,0.253306038645876,0.708266092881478,0.462913695860381,0.124835425965769,0.307228817737994,0.322191859285689,0.400776316342901,0.191838636301351
305,0.137454131495767,0.0519953204211621,0.187094148448273,0.140457832765525,0.638501649462594,0.172602035901223,0.251689216647792,0.554488212153395,0.14901428253829,0.0301460714187837
306,0.0478364598597605,0.0259976602105811,0.111770530241825,0.00597692905385213,0.297967436415877,0.264121254937221,0.178268573255379,0.313838737007912,0.120172808498621,0.0191838636301351
307,0.0799292747023846,0.103990640842324,0.266669906392181,0.0986193293885602,0.919176332872193,0.283388458944799,0.288805925669049,0.266106609706328,0.156224651048207,0.0356271753131081
308,0.0993060685696293,0.125655357684475,0.381477679303621,0.11356165202319,0.496168990103224,0.16497543431489,0.37441818881297,0.202066005576704,0.383351259110601,0.0794760064677026
309,0.156225400554661,0.138654187789766,0.280641222672409,0.176319407088638,0.313929977652442,0.113997623711506,0.47980796844267,0.217976714677231,0.394166811875477,0.197319740195675
310,0.13442650745401,0.129988301052905,0.122704603852439,0.179307871615564,0.0851335532616793,0.0626184130246299,0.48062074309277,0.247809294240721,0.392364219747998,0.252130779138919
311,0.128371259370496,0.0823259240001733,0.241157067967416,0.173330942561712,0.086463765031393,0.0686394142769982,0.546455489750912,0.361968632037008,0.226525744019901,0.646770259530269
312,0.012110496167028,0.0476623770527319,0.0807906550117541,0.0388500388500388,0.0877939768011067,0.0272952056774028,0.0712532443254783,0.0867133645978767,0.225324015934914,0.104140973992162
313,0.0133215457837308,0.00433294336843017,0.00242979413569185,0,0.00798127061828243,0.0325134067627886,0.15334348398563,0.332136052473519,0.994429990326089,0.150730357093919
314,0.053286183134923,0,0.0115415221445363,0,0.00532084707885495,0.146511030474294,0.0777554415262824,0.814230538219512,0.153220330835742,0.0137027597358108
315,0.40267399755368,0.25997660210581,0.612308122194347,0.0388500388500388,0.25274023624561,0.411435085578498,0.339197953975281,0.494823053026416,0.751080053116381,0.257611883033243
316,0.0859845227858985,0.0433294336843017,0.418532039872922,0.0537923614846692,0.162285835905076,0.230403647923959,0.184499845572816,0.484878859838586,0.225324015934914,0.137027597358108
317,0.0587359064100856,0.0606612071580224,0.464090679917144,0.092642400334708,0.130360753431946,0.04616100960149,0.0712532443254783,0.508347155761864,0.0522751716969001,0.400120584285675
318,0.244632022573965,0.697603882317258,0.117237567047132,0.687346841192995,0.759550920506545,0.0208728043415433,0.0422642818052267,0.0194906186481466,0.0703010929716933,0.0575515908904053
319,0.249476221040776,0.186316564842498,0.251483693044107,0.11356165202319,0.267372565712461,0.241642850261713,0.221616554594073,0.166664677828029,0.355110649113425,0.243909123297432
320,0.673343586886755,0.203648338316218,0.251483693044107,0.209192516884825,0.0425667766308396,0.203509842330047,0.0942818594116595,0.169846819648135,0.184465261045383,0.411082792074324
321,0.151986726896201,0.0953247541054638,0.0789683094099852,0.316777239854163,0.129030541662233,0.15172923155968,0.172037300937942,0.0147174059179883,0.188070445300342,0.235687467455946
322,0.25977014278275,0.0823259240001733,0.0892949344866756,0.25103102026179,0.190220283069065,0.434716290420988,0.303706794254225,0.21161243103702,0.0871252861615002,0.0794760064677026
323,0.0205878434839475,0,0.0194383530855348,0,0.0452272001702671,1.55020712244308,0.459488602190157,0.0986463964232726,0.117769352328649,0
324,0.107783415886549,0.103990640842324,0.285500810943793,0.248042555734863,0.183569224220496,0.278571657942905,0.505545832362519,0.206839218306862,0.11416416807369,0.0575515908904053
325,0.065396679301951,0.0173317734737207,0.123919500920285,0.0388500388500388,0.308609130573587,0.489306701775794,0.263609911515933,0.344864619753941,0.079914917651583,0.0328866233659459
326,0.0605524808351398,0.0259976602105811,0.117845015581055,0.0268961807423346,0.333883154198148,0.233213448508397,0.199671639041359,0.776044836378245,0.143606506155852,0.0383677272602702
327,0.0345149140760297,0.0129988301052905,0.156721721752125,0.0209192516884825,0.105086729807385,0.133264827719084,0.0875087373274886,0.311054362915319,0.114765032116183,0.0191838636301351
328,0.0302762404175699,0.0389964903158716,0.198635670592809,0.0089653935807782,0.387091624986698,0.287803859863203,0.299913845887089,0.134843259626973,0.264981042739459,0.0274055194716216
329,0.0520751335182202,0.160318904631916,0.532124915716516,0.134480903711673,1.22911567521549,0.163771234064417,0.254940315248194,0.0990441641507858,0.407986684852818,0.24116857135027
330,0.0702408777687622,0.0433294336843017,0.337133936327245,0.0657462195923734,0.246089177397042,0.0975402202883658,0.333779456307944,0.297530260179871,0.355110649113425,0.718024610156486
331,0.170152471146743,0.073660037263313,0.150647236412895,0.0956308648616341,0.0971054591891029,0.0883080183680678,0.613915785709254,0.339693639296269,0.244551665294694,0.298720162240675
332,0.0012110496167028,0.0129988301052905,0.0200458016194578,0.00597692905385213,0.0545386825582633,0.0228798047589994,0.00894052115110565,0.0234682959232786,0.022832833614738,0.052070486996081
333,0.0351204388843811,0.00433294336843017,0.00425213973746074,0.0149423226346303,0.00399063530914122,0.0236826049259818,0.229202451328345,0.206839218306862,1.11400193478222,0.134287045410946
334,0.0345149140760297,0.0649941505264526,0.227185751687188,0.0687346841192995,0.081142917952538,0.0561960116887704,0.156323657702665,0.439135571174568,0.692195376952057,0.882457726986215
335,0.2815690358834,0.147320074526626,0.283678465342024,0.0358615743231128,0.155634777056507,0.707668347195016,0.571922428787394,0.265708841978815,0.40257890847038,0.0356271753131081
336,0.0102939217419738,0.00866588673686035,0.249661347442338,0.0149423226346303,0.313929977652442,0.248065251597572,0.383900559730809,0.378277108865049,0.302234613374032,0.0274055194716216
337,0.118077337628523,0.0259976602105811,0.132423780395206,0.845735461120077,0.313929977652442,0.0714492148614367,0.091843535461358,0.0867133645978767,0.0528760357393932,0.0301460714187837
338,0.0429922613929493,0.0303306035790112,0.105088596368673,0.0537923614846692,0.0212833883154198,0.0525834109373495,0.028447112753518,0.0783602423200996,0.0426613470170105,0.0356271753131081
339,0.25129279546583,0.303306035790112,0.321340274445248,2.19652142729066,0.650473555390018,0.130053627051154,0.228931526444978,0.018297315465607,0.391763355705505,1.92112691496067
340,0.442638634904872,0.0823259240001733,0.228400648755034,0.439304285458132,0.1742577418325,0.331155068880254,0.433208888503574,0.0481298950290967,0.630306380575267,0.312422921976486
341,0.37239775713611,0.0303306035790112,0.0364469120353778,0.239077162154085,0.0212833883154198,0.238431649593783,0.259816963148797,0.07716693913756,0.123177128711087,0.109622077886486
342,0.110205515119954,0.160318904631916,0.378440436634006,0.277927201004124,0.694370543790572,0.517003307536688,0.334321306074678,0.13444549189946,0.191074765512807,0.142508701252432
343,0.103544742228089,0.116989470947615,0.341386076064705,0.239077162154085,0.190220283069065,0.210735043832889,0.524781499081565,0.418053881616369,0.180259212747932,0.0630326947847296
344,0.141692805154227,0.125655357684475,0.207747398601653,0.110573187496264,0.239438118548473,0.271747856523554,0.348138475126386,0.700071200423225,0.102146887223828,0.0575515908904053
345,0.0587359064100856,0.0563282637895923,0.116630118513209,0.0508038969577431,0.130360753431946,0.533460710959828,0.288805925669049,0.75297430818248,0.144207370198345,0.0137027597358108
346,0.0454143606263549,0.0346635469474414,0.235082582628187,0.0298846452692607,0.586623390443759,0.097941620371857,0.169057127220907,0.28002848016929,0.308844117841456,0.17813587656554
347,0.050258559093166,0.0129988301052905,0.196205876457117,0.0089653935807782,0.272693412791316,0.278973058026396,0.40178160203302,0.18416645783861,0.250560305719625,0.0109622077886486
348,0.0672132537270052,0.0476623770527319,0.159151515887816,0.0418385033769649,0.440300095775247,0.34961947272085,0.378211137180105,0.0942709514206274,0.170044524025549,0.0191838636301351
349,0.0472309350514091,0.0953247541054638,0.192561185253579,0.0418385033769649,0.348515483664999,0.170595035483767,0.244374244796888,0.1145571055238,0.264380178696966,0.164433116829729
350,0.0490475094764633,0.0649941505264526,0.368113811557316,0.0806885422270038,0.497499201872938,0.144102629973347,0.206986610892264,0.146776291452369,0.289616468481677,0.86327386335608
351,0.103544742228089,0.0259976602105811,0.169478140964507,0.0209192516884825,0.0877939768011067,0.286198259529238,0.520717625831062,0.610971229460269,0.284208692099239,0.115103181780811
352,0.0345149140760297,0.0303306035790112,0.0230830442890726,0.0239077162154085,0.0691710120251144,0.0385344080151569,0.0663765964248752,0.0680182814047565,0.0222319695722449,0.0137027597358108
353,0.0890121468276555,0.0823259240001733,0.0400916032389156,0.137469368238599,0.0172927530062786,0.0204714042580521,0.292598874036185,0.560852495793606,0.670564271422305,0.156211460988243
354,0.0853789979775471,0.194982451579358,0.343815870200397,0.188273265196342,0.254070448015324,0.29342346103208,0.551332137651515,0.531815451685143,0.692195376952057,0.167173668776892
355,0.0242209923340559,0,0.0801832064778312,0.00298846452692607,0.123709694583378,0.306268263703799,0.161471230486635,0.0306281150185161,0.559404423561081,0.00274055194716216
356,0.184685066547176,0.0216647168421509,0.0176160074837659,0.654473731396808,0.107747153346813,0.0172602035901223,0.03169821135392,0.0095464254603167,0.0390561627620518,0.0191838636301351
357,0.0108994465503252,0.0563282637895923,0.111770530241825,0.0328731097961867,0.025274023624561,0.014851803089175,0.0173391925354776,0.0334124891111085,0.097339974883883,0.0849571103620269
358,0.215566831773098,0.0433294336843017,0.0935470742241364,0.107584722969338,0.8327125678408,0.413442085995954,0.340552578392115,0.0529031077592551,0.293822516779128,0.161692564882567
359,0.105361316653143,0.0779929806317431,0.0765385152742934,0.298846452692607,0.126370118122805,0.0662310137760509,0.204548286941962,0.130865582351841,0.302234613374032,0.134287045410946
360,0.70180325287927,0.138654187789766,0.267884803460027,0.475165859781244,0.214164094923912,0.714090748530876,0.689503828168602,0.020286154103173,0.69279624099455,0.454931623228918
361,0.0908287212527097,0.199315394947788,0.0977992139615971,0.104596258442412,0.279344471639885,0.269339456022607,0.341636277925582,0.227920907865061,0.10635293552128,0.068513798679054
362,0.167730371913337,0.320637809263833,0.494463106613292,0.654473731396808,0.868628285623071,0.192270639992293,0.467345423807795,0.2501959006058,0.239744752954749,0.208281947984324
363,0.125949160137091,0.181983621474067,0.306154061097174,0.301834917219533,0.146323294668511,0.144905430140329,0.546997339517645,0.297928027907384,0.420604829745174,0.0712543506262161
364,0.0115049713586766,0.00433294336843017,0.133031228929129,0.00298846452692607,0.0705012237948281,0.270142256189589,0.216198056926736,0.0373901663862404,0.135795273603442,0
365,0.0145325954004336,0,0.0971917654276741,0.00298846452692607,0.134351388741088,0.258903053851835,0.459488602190157,0.0513120368492023,0.195881677852752,0
366,0.0569193319850314,0.0346635469474414,0.0911172800884445,0.0358615743231128,0.164946259444504,0.154539032144119,0.201839038108294,0.828550176409987,0.138198729773414,0.109622077886486
367,0.0333038644593269,0.0303306035790112,0.131816331861283,0.0179307871615564,0.238107906778759,0.313493465206641,0.263609911515933,0.211214663309507,0.159829835303166,0.052070486996081
368,0.0326983396509755,0.0346635469474414,0.0461660885781452,0.0239077162154085,0.0957752474193892,0.205516842747503,0.129502094249348,0.371117289769812,0.0468673953144622,0.00822165584148648
369,0.0793237498940332,0.0519953204211621,0.188309045516119,0.0986193293885602,0.210173459614771,0.22438264667159,0.11053735241367,0.383448089322721,0.113563304031197,0.0712543506262161
370,0.0944618701028181,0.0779929806317431,0.140320611336205,0.0328731097961867,0.179578588911355,0.358450274557657,0.3161693388891,0.208430289216915,0.1568255150907,0.167173668776892
371,0.0599469560267884,0.0216647168421509,0.100836456631212,0.0179307871615564,0.0571991060976908,0.239234449760766,0.0598743992240711,0.293950350632252,0.0823183738215554,0.0739949025733783
372,0.00363314885010839,0.00433294336843017,0.0364469120353778,0.0179307871615564,0.0385761413216984,0.0521820108538583,0.0354911597210557,0.0612562300370322,0.0715028210566795,0.0137027597358108
373,0.00666077289186538,0.0129988301052905,0.0437362944424534,0.0597692905385213,0.0186229647759923,0.0293022060948589,0.218365455993671,0.0302303472910029,0.0937347906289244,0.197319740195675
374,0.0666077289186538,0.0606612071580224,0.199243119126732,0.0717231486462256,0.0784824944131106,0.159757233229505,0.385797033914377,0.435157893899436,0.822582874173061,0.117843733727973
375,0.0587359064100856,0.121322414316045,0.216859126610498,0.298846452692607,0.347185271895286,0.140490029221926,0.319691362372868,0.330942749290979,0.233736112529818,0.293239058346351
376,0.0629745800685454,0.199315394947788,0.207139950067731,0.412408104715797,0.691710120251144,0.119215824796892,0.255211240131561,0.141605310994698,0.140602185943387,0.411082792074324
377,0.613396630859966,0.272975432211101,0.176767523371582,2.3728408343793,0.25274023624561,0.133666227802575,0.366832292078698,0.131661117806868,0.102747751266321,0.866014415303242
378,0.0460198854347063,0.0519953204211621,0.0905098315545215,0.170342478034786,0.0292646589337022,0.0437526091005427,0.0457863052889956,0.0445499854814779,0.174851436365494,0.172654772671216
379,0.744189989463868,0.229645998526799,0.218074023678344,0.762058454366147,0.151644141747366,0.165778234481873,0.321858761439803,0.0230705281957654,0.436828158892487,0.186357532407027
380,0.689087231903891,0.0433294336843017,0.0844353462152919,0.101607793915486,0.0771522826433968,1.42978709739572,0.588719771556138,0.081144616412692,0.257169810187049,0.106881525939324
381,0.148959102854444,0.0953247541054638,0.198028222058886,0.259996413842568,0.285995530488454,0.356844674223692,0.30587419332116,0.0839289905052844,0.138799593815907,0.0876976623091891
382,0.0793237498940332,0.116989470947615,0.43250335615315,0.143446297292451,0.238107906778759,0.32633826787836,0.508526006079554,0.0787580100476128,0.462064448677198,0.0191838636301351
383,0.151986726896201,0.0649941505264526,0.159151515887816,0.140457832765525,0.0492178354794083,0.156144632478084,0.72905886114016,0.142400846449724,0.501721475481743,0.0137027597358108
384,0.0296707156092185,0,0.106303493436519,0.0149423226346303,0.0971054591891029,0.231206448090941,0.643175673112873,0.062847300947085,0.354509785070932,0
385,0.196190037905853,0.0823259240001733,0.233260237026418,0.158388619927081,0.135681600510801,0.173003435984715,0.798957481048804,0.181382083746017,0.314852758266387,0.0246649675244594
386,0.0902231964443583,0.0346635469474414,0.112985427309671,0.0418385033769649,0.117058635734809,0.160961433479978,0.339197953975281,0.308269988822727,0.30764238975647,0.0876976623091891
387,0.0974894941445751,0.0173317734737207,0.103266250766904,0.0508038969577431,0.0758220708736831,0.327943868212325,0.499043635161715,0.200077166939138,0.214508463170039,0.0191838636301351
388,0.0417812117762465,0.0346635469474414,0.0710714784689867,0.0358615743231128,0.0851335532616793,0.398590282906779,0.198858864391259,0.489652072568744,0.112962439988704,0
389,0.0326983396509755,0.00433294336843017,0.0971917654276741,0.0239077162154085,0.0571991060976908,0.264924055104203,0.0552686762068349,0.546930625330644,0.107554663606266,0.0219244155772973
390,0.0133215457837308,0.0346635469474414,0.0309798752300711,0.0328731097961867,0.0226136000851336,0.0445554092675251,0.0354911597210557,0.163880303735437,0.0324466582946277,0.016443311682973
391,0.0393591125428409,0.0389964903158716,0.167655795362738,0.0209192516884825,0.0744918591039694,0.109180822709611,0.06339642270784,0.317020878828017,0.105752071478786,0.156211460988243
392,0.00363314885010839,0.0129988301052905,0.0850427947492149,0.00298846452692607,0.178248377141641,0.19467904049324,0.0774845166429156,0.0843267582327975,0.116567624243662,0.120584285675135
393,0.00726629770021678,0.0346635469474414,0.0643895445958341,0.0418385033769649,0.271363201021603,0.351225073054815,0.189647418356786,0.270879822436486,0.1045503433938,0.0274055194716216
394,0.0278541411841643,0.0779929806317431,0.154291927616433,0.16735401350786,0.106416941577099,0.167785234899329,0.383900559730809,0.135241027354487,0.329874359328715,0.0986598700978377
395,0.0205878434839475,0.00433294336843017,0.0601374048583734,0.0089653935807782,0.0651803767159732,0.289810860280659,0.158761981652967,0.0875089000529031,0.485498146334429,0.00274055194716216
396,0.583120390442396,0.0389964903158716,0.100836456631212,0.307811846273385,0.372459295519847,0.233614848591889,0.675415734233526,0.121319156891525,0.363522745708329,0.235687467455946
397,0.874377823259419,0.0649941505264526,0.208354847135576,0.932400932400932,0.187559859529637,0.154137632060627,0.720931114639155,0.0536986432142815,0.585842441430777,0.359012305078243
398,1.44357114310973,0.177650678105637,0.219896369280113,1.89468651007113,0.0731616473342556,0.251276452265502,0.742876030191869,0.176608871015859,0.537773318031329,0.348050097289594
399,0.0278541411841643,0,0.0273351840265334,0.0089653935807782,0.0478876237096946,1.06170322083427,0.279052629867843,0.042561146843912,0.0895287423314727,0
400,1.31096121008078,0.0779929806317431,0.182234560176889,0.430338891877353,0.0904544003405342,0.649866735172281,0.767801119461618,0.16547137464549,0.430819518467556,0.21650360382581