"","clustering_prop","cluster"
"1",0.0390157266674166,1
"2",0.0328589780138729,2
"3",0.0486563741590456,3
"4",0.0571214931077579,4
"5",0.0604379283824668,5
"6",0.0701343970618879,6
"7",0.0686042397965272,7
"8",0.0713591795940329,8
"9",0.068013191925787,9
"10",0.0786225012055735,10
"11",0.0652910881211002,11
"12",0.0626379399013331,12
"13",0.0718155998942156,13
"14",0.073293219571066,14
"15",0.0680952819078342,15
"16",0.0731947115926093,16
"17",0.077621003424597,17
"18",0.0696352899710406,18
"19",0.0695105131983288,19
"20",0.0638889912277332,20
"21",0.0694284232162816,21
"22",0.0682496110740831,22
"23",0.071385448388288,23
"24",0.0769215967775545,24
"25",0.0779099601614033,25
"26",0.0667260210072861,26
"27",0.0702526066360359,27
"28",0.0261046142910253,28
"29",0.0508596692771938,29
"30",0.0363264588555487,30
"31",0.0375578085862575,31
"32",0.0569934327357642,32
"33",0.0665224378518089,33
"34",0.0663287054941774,34
"35",0.0383327380167835,35
"36",0.0511453424147182,36
"37",0.0777589145944364,37
"38",0.0868413502081441,38
"39",0.0881022523323898,39
"40",0.0932673540028027,40
"41",0.0531089347852884,41
"42",0.057328359862517,42
"43",0.0552531251163625,43
"44",0.0613310673871409,44
"45",0.0582806036542651,45
"46",0.0723869461692644,46
"47",0.0769708507667828,47
"48",0.0664534822668892,48
"49",0.0717466443092959,49
"50",0.0702690246324454,50
"51",0.0815153521729185,51
"52",0.0683809550453587,52
"53",0.0812887838224681,53
"54",0.0659445243781963,54
"55",0.0723212741836266,55
"56",0.0814234113930256,56
"57",0.0689128981290248,57
"58",0.0783335444687672,58
"59",0.0749448700098567,59
"60",0.0704036522030029,60
"61",0.0586910535645014,61
"62",0.0802314648536996,62
"63",0.0700523070798407,63
"64",0.0773123450920994,64
"65",0.0724099313642377,65
"66",0.0855049253004149,66
"67",0.0704529061922312,67
"68",0.0694481248119729,68
"69",0.0730436660256424,69
"70",0.0737693414669401,70
"71",0.0650710869692136,71
"72",0.0628218214611189,72
"73",0.0634260037289867,73
"74",0.0647722794345616,74
"75",0.0697469323466249,75
"76",0.0648445186187632,76
"77",0.0813446050102603,77
"78",0.0841356643998667,78
"79",0.0943246729715713,79
"80",0.0928437696954389,80
"81",0.0598337461145991,81
"82",0.0635343625052891,82
"83",0.0600865832593046,83
"84",0.0546587936463405,84
"85",0.0738842674418062,85
"86",0.0781201105154443,86
"87",0.0760678609642631,87
"88",0.0724263493606471,88
"89",0.0720487354432298,89
"90",0.0703149950223918,90
"91",0.080366092424257,91
"92",0.0825661039431233,92
"93",0.0718254506920612,93
"94",0.0768493575933529,94
"95",0.0712409700198848,95
"96",0.0760974133578001,96
"97",0.0858234344307582,97
"98",0.077473241456912,98
"99",0.0758347254152489,99
"100",0.070370816210184,100
"101",0.0703905178058753,101
"102",0.0687191657713933,102
"103",0.0780544385298065,103
"104",0.0714806727674628,104
"105",0.0678884151530752,105
"106",0.0791248918957026,106
"107",0.0733588915567038,107
"108",0.0628021198654276,108
"109",0.0803956448177941,109
"110",0.0716481363308392,110
"111",0.061298231394322,111
"112",0.0682758798683382,112
"113",0.0637707816535851,113
"114",0.0649594445936293,114
"115",0.0649331757993742,115
"116",0.064072872787519,116
"117",0.0621552508068953,117
"118",0.092423468987357,118
"119",0.0864801542871362,119
"120",0.0598764329052636,120
"121",0.0604838987724133,121
"122",0.0673203524773082,122
"123",0.0702000690475257,123
"124",0.062670775894152,124
"125",0.0564614896520981,125
"126",0.0653469093088923,126
"127",0.068459761428124,127
"128",0.0677702055789271,128
"129",0.0646901894525143,129
"130",0.070160665856143,130
"131",0.071116193247173,131
"132",0.0867329914318417,132
"133",0.0788260843610507,133
"134",0.0833837201643139,134
"135",0.0729287400507763,135
"136",0.0703346966180832,136
"137",0.0851667145743802,137
"138",0.0833574513700588,138
"139",0.0636788408736922,139
"140",0.0698782763179005,140
"141",0.0729221728522125,141
"142",0.0678719971566657,142
"143",0.0730338152277967,143
"144",0.0774633906590663,144
"145",0.0750827811796961,145
"146",0.073175009996918,146
"147",0.0640006336033174,147
"148",0.0724788869491573,148
"149",0.0739565066260078,149
"150",0.0664764674618625,150
"151",0.069116481284502,151
"152",0.0556110374380886,152
"153",0.0559196957705862,153
"154",0.0439903795794799,154
"155",0.0695433491911477,155
"156",0.0714609711717714,156
"157",0.0688143901505681,157
"158",0.0668048273900515,158
"159",0.0652155653376167,159
"160",0.060940319072596,160
"161",0.0613376345857047,161
"162",0.076488161672345,162
"163",0.0764783108744993,163
"164",0.0629006278438843,164
"165",0.0594528485978998,165
"166",0.0647624286367159,166
"167",0.0711129096478911,167
"168",0.0774666742583482,168
"169",0.0745147185039291,169
"170",0.0666340802273932,170
"171",0.0855049253004149,171
"172",0.0769807015646285,172
"173",0.0821556540328871,173
"174",0.0778968257642758,174
"175",0.0767508496148962,175
"176",0.072189930212351,176
"177",0.0722556021979888,177
"178",0.0710012672723069,178
"179",0.0717105247171951,179
"180",0.0688636441397965,180
"181",0.0722621693965526,181
"182",0.0682266258791098,182
"183",0.0699636498992296,183
"184",0.0694120052198721,184
"185",0.0839320812443896,185
"186",0.0780117517391419,186
"187",0.0735263551200802,187
"188",0.076189354137693,188
"189",0.0655898956557522,189
"190",0.0775389134425498,190
"191",0.0736281466978188,191
"192",0.0596958349447597,192
"193",0.0523504233511718,193
"194",0.059058816684073,194
"195",0.0573250762632351,195
"196",0.0660890027465995,196
"197",0.0686337921900642,197
"198",0.0724427673570565,198
"199",0.0827631199000367,199
"200",0.0660200471616798,200
"201",0.0172815830205869,201
"202",0.0595776253706116,202
"203",0.0810917678655547,203
"204",0.0700326054841493,204
"205",0.0738218790554503,205
"206",0.0690770780931193,206
"207",0.0738678494453968,207
"208",0.068013191925787,208
"209",0.0706794745426816,209
"210",0.0655406416665238,210
"211",0.0752863643351733,211
"212",0.0728860532601117,212
"213",0.0748529292299638,213
"214",0.0738678494453968,214
"215",0.0757362174367922,215
"216",0.0740681490015921,216
"217",0.0717761967028329,217
"218",0.0753684543172205,218
"219",0.0763338325060962,219
"220",0.0714642547710533,220
"221",0.0797225069650066,221
"222",0.0712573880162943,222
"223",0.0721209746274313,223
"224",0.0624868943343662,224
"225",0.0687388673670847,225
"226",0.0721144074288676,226
"227",0.0719535110640549,227
"228",0.0714872399660266,228
"229",0.0761368165491828,229
"230",0.0736478482935102,230
"231",0.0635179445088796,231
"232",0.0819455036788461,232
"233",0.0653534765074561,233
"234",0.0445190390638642,234
"235",0.0683612534496673,235
"236",0.0681084163049618,236
"237",0.0713985827854155,237
"238",0.071116193247173,238
"239",0.0738711330446787,239
"240",0.0714182843811069,240
"241",0.0667096030108767,241
"242",0.0786027996098821,242
"243",0.0706138025570438,243
"244",0.0729878448378503,244
"245",0.0698749927186186,245
"246",0.0616824125103031,246
"247",0.0589603087056163,247
"248",0.0861813467524842,248
"249",0.073293219571066,249
"250",0.0748824816235008,250
"251",0.0747314360565339,251
"252",0.0727514256895542,252
"253",0.0778541389736112,253
"254",0.0790625035093467,254
"255",0.0733227719646031,255
"256",0.0769544327703734,256
"257",0.0728302320723196,257
"258",0.070758280925447,258
"259",0.0779756321470412,259
"260",0.0771186127344679,260
"261",0.0702690246324454,261
"262",0.0767147300227954,262
"263",0.0739532230267259,263
"264",0.0765669680551103,264
"265",0.0629334638367032,265
"266",0.0690672272952737,266
"267",0.0735132207229527,267
"268",0.0754768130935229,268
"269",0.0788096663646412,269
"270",0.0767639840120238,270
"271",0.062490177933648,271
"272",0.0657540756198467,272
"273",0.0650481017742403,273
"274",0.053896998612942,274
"275",0.0612128578129928,275
"276",0.0721472434216864,276
"277",0.0672481132931066,277
"278",0.068072296712861,278
"279",0.0719272422697998,279
"280",0.0581394088851438,280
"281",0.0653928796988388,281
"282",0.0624836107350843,282
"283",0.070968431279488,283
"284",0.062969583428804,284
"285",0.066729304606568,285
"286",0.0725609769312046,286
"287",0.0698388731265178,287
"288",0.0667161702094404,288
"289",0.0806813179553185,289
"290",0.0797980297484901,290
"291",0.0828846130734667,291
"292",0.0686337921900642,292
"293",0.0288398524928396,293
"294",0.0709815656766155,294
"295",0.0740221786116456,295
"296",0.0832720777887297,296
"297",0.0791314590942664,297
"298",0.0822246096178068,298
"299",0.0833246153772399,299
"300",0.0795977301922948,300
"301",0.0797290741635704,301
"302",0.0754932310899323,302
"303",0.0634522725232418,303
"304",0.0622110719946874,304
"305",0.0680296099221964,305
"306",0.066939454960609,306
"307",0.0711621636371195,307
"308",0.0769741343660647,308
"309",0.0612522610043755,309
"310",0.0663319890934593,310
"311",0.0747380032550976,311
"312",0.0651630277491065,312
"313",0.0731323232062534,313
"314",0.0715693299480738,314
"315",0.0568391035695154,315
"316",0.061656143716048,316
"317",0.0703938014051572,317
"318",0.0557325306115185,318
"319",0.0647098910482057,319
"320",0.0367172071700937,320
"321",0.0583364248420572,321
"322",0.0648806382108639,322
"323",0.0607761391085015,323
"324",0.0662860187035128,324
"325",0.0726529177110975,325
"326",0.0742815829549149,326
"327",0.0698126043322627,327
"328",0.0796634021779326,328
"329",0.0857511952465566,329
"330",0.0758183074188394,330
"331",0.0726496341118156,331
"332",0.0775651822368049,332
"333",0.0712015668285021,333
"334",0.0783401116673309,334
"335",0.0689063309304611,335
"336",0.0735099371236708,336
"337",0.0856067168781535,337
"338",0.0835479001284084,338
"339",0.088781957383741,339
"340",0.0818207269061343,340
"341",0.0769117459797088,341
"342",0.0822213260185249,342
"343",0.0711884324313746,343
"344",0.068669911782165,344
"345",0.064998847785012,345
"346",0.0720290338475384,346
"347",0.0751484531653339,347
"348",0.0636722736751284,348
"349",0.0714347023775163,349
"350",0.0685254334137618,350
"351",0.0675534880263224,351
"352",0.0683087158611571,352
"353",0.0820834148486855,353
"354",0.0710472376622533,354
"355",0.0691690188730122,355
"356",0.0674779652428389,356
"357",0.0520023618272915,357
"358",0.0527378880664348,358
"359",0.0224105650988991,359
"360",0.0121230485487378,360
"361",0.0766162220443387,361
"362",0.0593215046266242,362
"363",0.0697206635523698,363
"364",0.0575582118122493,364
"365",0.0667063194115948,365
"366",0.0659412407789144,366
"367",0.0830159570447423,367
"368",0.0676388616076515,368
"369",0.0789869807258633,369
"370",0.0864801542871362,370
"371",0.0789245923395074,371
"372",0.0751287515696425,372
"373",0.0800410160953499,373
"374",0.0708567889039037,374
"375",0.07675741681346,375
"376",0.0745574052945937,376
"377",0.0760186069750347,377
"378",0.0761532345455922,378
"379",0.0707911169182659,379
"380",0.0791084738992932,380
"381",0.0735099371236708,381
"382",0.0809834090892524,382
"383",0.0645851142754938,383
"384",0.0610716630438716,384
"385",0.0733326227624487,385
"386",0.0582970216506746,386
"387",0.0636164524873363,387
"388",0.0690967796888107,388
"389",0.0617907712866055,389
"390",0.0749087504177559,390
"391",0.0679803559329681,391
"392",0.0754209919057307,392
"393",0.071175298034247,393
"394",0.072547842534077,394
"395",0.0623489831645268,395
"396",0.0588552335285958,396
"397",0.0703149950223918,397
"398",0.0613737541778055,398
"399",0.0539659541978617,399
"400",0.0473724868398266,400
"401",0.0584480672176415,401
"402",0.0672218444988515,402
"403",0.0746099428831039,403
"404",0.072219482605888,404
"405",0.0665388558482184,405
"406",0.0621125640162307,406
"407",0.0659445243781963,407
"408",0.0740878505972834,408
"409",0.063984215606908,409
"410",0.0730633676213338,410
"411",0.0763568177010694,411
"412",0.0857774640408117,412
"413",0.0666800506173397,413
"414",0.0817255025269595,414
"415",0.069503945999765,415
"416",0.0865983638612842,416
"417",0.0751254679703607,417
"418",0.0767048792249497,418
"419",0.0783630968623042,419
"420",0.0817681893176241,420
"421",0.08278610509501,421
"422",0.0878526987869662,422
"423",0.0772302551100521,423
"424",0.0591573246625297,424
"425",0.0589865774998714,425
"426",0.0570361195264288,426
"427",0.0505936977353607,427
"428",0.0609074830797771,428
"429",0.0673006508816169,429
"430",0.0576435853935785,430
"431",0.0776045854281876,431
"432",0.0689588685189713,432
"433",0.0717335099121683,433
"434",0.0649627281929112,434
"435",0.0746756148687417,435
"436",0.0758806958051954,436
"437",0.0635015265124702,437
"438",0.0666800506173397,438
"439",0.0491456304520472,439
"440",0.0414324557388877,440
"441",0.0273786508123986,441
"442",0.0767968200048427,442
"443",0.0772204043122065,443
"444",0.0720520190425116,444
"445",0.0772893598971261,445
"446",0.0535850566811624,446
"447",0.0468175585611872,447
"448",0.0590456822869455,448
"449",0.0827401347050635,449
"450",0.0718418686884707,450
"451",0.0800508668931956,451
"452",0.0773254794892269,452
"453",0.0751944235552803,453
"454",0.0676815483983161,454
"455",0.0833935709621596,455
"456",0.0746099428831039,456
"457",0.0871959789305882,457
"458",0.0841685003926856,458
"459",0.0838729764573155,459
"460",0.0731093380112802,460
"461",0.0776144362260333,461
"462",0.0759529349893969,462
"463",0.0717367935114502,463
"464",0.0697075291552422,464
"465",0.0595710581720479,465
"466",0.0579325421303848,466
"467",0.0740156114130818,467
"468",0.0741830749764582,468
"469",0.0723344085807542,469
"470",0.0714117171825431,470
"471",0.0677078171925712,471
"472",0.0745114349046472,472
"473",0.0695400655918658,473
"474",0.0809669910928429,474
"475",0.0266858113639198,475
"476",0.071385448388288,476
"477",0.0593773258144163,477
"478",0.0508793708728851,478
"479",0.0244365458558252,479
"480",0.0107997580381361,480
"481",0.0655143728722687,481
"482",0.0793810126396901,482
"483",0.08087505031295,483
"484",0.0727087388988896,484
"485",0.0687158821721114,485
"486",0.0626576414970244,486
"487",0.0331742035449344,487
"488",0.0524719165246018,488
"489",0.0639054092241426,489
"490",0.0684269254353051,490
"491",0.0704988765821777,491
"492",0.0742848665541968,492
"493",0.075414424707167,493
"494",0.0728400828701652,494
"495",0.0626609250963063,495
"496",0.081741920523369,496
"497",0.081085200666991,497
"498",0.0853144765420652,498
"499",0.0730108300328235,499
"500",0.0767147300227954,500
"501",0.0616922633081488,501
"502",0.078517426028553,502
"503",0.0733785931523952,503
"504",0.0700227546863036,504
"505",0.0665552738446278,505
"506",0.0713329107997777,506
"507",0.0757033814439733,507
"508",0.0671955757045964,508
"509",0.079413848632509,509
"510",0.0751254679703607,510
"511",0.0693955872234627,511
"512",0.0593116538287786,512
"513",0.0834001381607234,513
"514",0.0657343740241553,514
"515",0.0718681374827258,515
"516",0.0541498357576475,516
"517",0.0553976034847657,517
"518",0.0511781784075371,518
"519",0.0164968027922152,519
"520",0.00781168269161624,520
"521",0.0524062445389639,521
"522",0.0710932080521998,522
"523",0.0795353418059389,523
"524",0.0724624689527479,524
"525",0.0710669392579446,525
"526",0.0580835876973517,526
"527",0.0613803213763692,527
"528",0.0331348003535517,528
"529",0.0592328474460132,529
"530",0.075562186674852,530
"531",0.0726364997146881,531
"532",0.0687224493706752,532
"533",0.0752075579524079,533
"534",0.06565556764139,534
"535",0.0658098968076388,535
"536",0.0700523070798407,536
"537",0.071503657962436,537
"538",0.0759168153972961,538
"539",0.0697534995451887,539
"540",0.0652057145397711,540
"541",0.0548459588054082,541
"542",0.0723245577829085,542
"543",0.0587534419508573,543
"544",0.0747314360565339,544
"545",0.0703149950223918,545
"546",0.0492310040333763,546
"547",0.0593707586158526,547
"548",0.069743648747343,548
"549",0.0784254852486601,549
"550",0.0773977186734285,550
"551",0.0687323001685209,551
"552",0.080963707493561,552
"553",0.0813905754002067,553
"554",0.0831604354131454,554
"555",0.061386888574933,555
"556",0.0583364248420572,556
"557",0.0618236072794244,557
"558",0.0830553602361249,558
"559",0.0649857133878844,559
"560",0.0577617949677265,560
"561",0.0153508266428356,561
"562",0.0392094590250481,562
"563",0.0615313669433362,563
"564",0.0854983581018511,564
"565",0.0708994756945683,565
"566",0.0778442881757656,566
"567",0.0681412522977807,567
"568",0.0577355261734714,568
"569",0.0654289992909396,569
"570",0.0666504982238026,570
"571",0.0773714498791734,571
"572",0.0719141078726723,572
"573",0.0802938532400555,573
"574",0.0697567831444706,574
"575",0.0692905120464422,575
"576",0.0679967739293775,576
"577",0.0688045393527225,577
"578",0.0707320121311919,578
"579",0.0627955526668638,579
"580",0.0619812200449551,580
"581",0.072012615851129,581
"582",0.0578635865454651,582
"583",0.0668934845706625,583
"584",0.0677308023875444,584
"585",0.0602967336133455,585
"586",0.0653469093088923,586
"587",0.0592197130488856,587
"588",0.0855738808853345,588
"589",0.0808586323165405,589
"590",0.0743341205434252,590
"591",0.0712245520234754,591
"592",0.0744950169082378,592
"593",0.0723081397864991,593
"594",0.0699669334985115,594
"595",0.0611767382208921,595
"596",0.0378927357130103,596
"597",0.0581591104808352,597
"598",0.0632158533749457,598
"599",0.0559393973662776,599
"600",0.0549247651881736,600
"601",0.0281207442501057,601
"602",0.0876753844257441,602
"603",0.0779395125549404,603
"604",0.0691788696708579,604
"605",0.0833114809801124,605
"606",0.0679146839473303,606
"607",0.0734869519286976,607
"608",0.0647263090446151,608
"609",0.0511190736204631,609
"610",0.0583758280334399,610
"611",0.0644636211020639,611
"612",0.063714960465793,612
"613",0.0757920386245843,613
"614",0.0710538048608171,614
"615",0.0716481363308392,615
"616",0.0482492078480912,616
"617",0.0570853735156572,617
"618",0.074935019212011,618
"619",0.0631009274000796,619
"620",0.0557292470122366,620
"621",0.0590653838826368,621
"622",0.0373312402358071,622
"623",0.069802753534417,623
"624",0.0625591335185677,624
"625",0.0794105650332271,625
"626",0.0712672388141399,626
"627",0.0739269542324708,627
"628",0.0780610057283703,628
"629",0.0789869807258633,629
"630",0.0786619043969562,630
"631",0.070459473390795,631
"632",0.0798078805463358,632
"633",0.070876490499595,633
"634",0.0600832996600227,634
"635",0.0683776714460768,635
"636",0.0584119476255407,636
"637",0.088663747809593,637
"638",0.0762944293147135,638
"639",0.094840198058828,639
"640",0.0545274496750649,640
"641",0.0949387060372847,641
"642",0.109488334455339,642
"643",0.109114004137204,643
"644",0.0404342415571931,644
"645",0.0790395183143735,645
"646",0.0742027765721496,646
"647",0.08553119409467,647
"648",0.0639152600219883,648
"649",0.0574400022381013,649
"650",0.0671857249067507,650
"651",0.0640269023975726,651
"652",0.0664370642704798,652
"653",0.0598468805117266,653
"654",0.0605462871587692,654
"655",0.0626280891034874,655
"656",0.0693299152378249,656
"657",0.0733687423545495,657
"658",0.0661152715408546,658
"659",0.0610815138417172,659
"660",0.0619319660557268,660
"661",0.0545405840721924,661
"662",0.0518316146646332,662
"663",0.0374921366006197,663
"664",0.0581492596829895,664
"665",0.0614000229720606,665
"666",0.0724329165592109,666
"667",0.0749842732012394,667
"668",0.0824380435711296,668
"669",0.0833377497743675,669
"670",0.0848186530504999,670
"671",0.0734803847301338,671
"672",0.0761630853434379,672
"673",0.0684728958252516,673
"674",0.0708600725031856,674
"675",0.0747445704536614,675
"676",0.0492342876326582,676
"677",0.0634851085160607,677
"678",0.0732275475854283,678
"679",0.0794007142353814,679
"680",0.0850747737944873,680
"681",0.112167751469361,681
"682",0.0879150871733221,682
"683",0.0780183189377057,683
"684",0.019130249416291,684
"685",0.0685090154173524,685
"686",0.0698257387293902,686
"687",0.0683448354532579,687
"688",0.0665716918410373,688
"689",0.0647460106403065,689
"690",0.0607958407041928,690
"691",0.0697896191372895,691
"692",0.0569047755551532,692
"693",0.0585203064018431,693
"694",0.0535128174969609,694
"695",0.0656982544320546,695
"696",0.0763929372931702,696
"697",0.0646310846654403,697
"698",0.0708042513153935,698
"699",0.0721144074288676,699
"700",0.0717860475006786,700
"701",0.0626280891034874,701
"702",0.0604970331695408,702
"703",0.0509975804470331,703
"704",0.0468471109547242,704
"705",0.0522289301777419,705
"706",0.0778541389736112,706
"707",0.080963707493561,707
"708",0.0789607119316081,708
"709",0.0818666972960808,709
"710",0.085738060849429,710
"711",0.0707681317232927,711
"712",0.082487297560358,712
"713",0.0583955296291312,713
"714",0.0729550088450314,714
"715",0.0645916814740576,715
"716",0.0570689555192477,716
"717",0.0642239183544859,717
"718",0.0706170861563257,718
"719",0.0954279623302863,719
"720",0.0895733048106765,720
"721",0.0992238031001512,721
"722",0.093526758346072,722
"723",0.0672218444988515,723
"724",0.0935136239489445,724
"725",0.0601588224435062,725
"726",0.0649331757993742,726
"727",0.061597038928974,727
"728",0.0645752634776482,728
"729",0.0660101963638341,729
"730",0.0708141021132391,730
"731",0.0623456995652449,731
"732",0.0581853792750903,732
"733",0.0456781496103714,733
"734",0.0529020680305293,734
"735",0.0654289992909396,735
"736",0.0777786161901278,736
"737",0.0751254679703607,737
"738",0.0740615818030283,738
"739",0.0718944062769809,739
"740",0.0811607234504744,740
"741",0.0773451810849183,741
"742",0.0642107839573584,742
"743",0.0571247767070398,743
"744",0.0603492712018558,744
"745",0.0543008813246145,745
"746",0.0687027477749839,746
"747",0.0747544212515071,747
"748",0.0752075579524079,748
"749",0.0674648308457114,749
"750",0.0753323347251197,750
"751",0.0841750675912494,751
"752",0.0782580216852837,752
"753",0.0675009504378122,753
"754",0.0686140905943728,754
"755",0.048971599690107,755
"756",0.0557916353985925,756
"757",0.0756508438554631,757
"758",0.0686272249915004,758
"759",0.059597326966303,759
"760",0.0721538106202502,760
"761",0.0522486317734332,761
"762",0.0977264818276093,762
"763",0.11291312850635,763
"764",0.0658624343961491,764
"765",0.0581394088851438,765
"766",0.0577191081770619,766
"767",0.0616430093189204,767
"768",0.0583955296291312,768
"769",0.063833170039941,769
"770",0.0668015437907696,770
"771",0.0647657122359978,771
"772",0.0544847628844003,772
"773",0.0606546459350716,773
"774",0.0578406013504918,774
"775",0.0662498991114121,775
"776",0.0631501813893079,776
"777",0.0705973845606344,777
"778",0.0654815368794498,778
"779",0.0766030876472111,779
"780",0.0735066535243889,780
"781",0.0707024597376549,781
"782",0.0726266489168424,782
"783",0.0675896076184232,783
"784",0.0664961690575538,784
"785",0.070610518957762,785
"786",0.064998847785012,786
"787",0.0721636614180959,787
"788",0.0702296214410627,788
"789",0.0692740940500327,789
"790",0.0789705627294538,790
"791",0.0930637708473256,791
"792",0.0703182786216737,792
"793",0.0655898956557522,793
"794",0.0665322886496546,794
"795",0.0549970043723751,795
"796",0.0226699694421684,796
"797",0.0329509187937659,797
"798",0.0583200068456478,798
"799",0.0699505155021021,799
"800",0.0427918658415901,800
"801",0.00834362577528242,801
"802",0.0458948671629761,802
"803",0.0881613571194638,803
"804",0.0153344086464262,804
"805",0.0143723140568324,805
"806",0.0485151793899243,806
"807",0.0541432685590837,807
"808",0.0581000056937612,808
"809",0.0691328992809115,809
"810",0.0634686905196513,810
"811",0.0659675095731695,811
"812",0.0701343970618879,812
"813",0.0675600552248862,813
"814",0.0632946597577111,814
"815",0.0573973154474367,815
"816",0.0719732126597463,816
"817",0.0662301975157207,817
"818",0.0713164928033683,818
"819",0.078993547924427,819
"820",0.074160089781485,820
"821",0.0834198397564147,821
"822",0.0853998501233944,822
"823",0.0679475199401492,823
"824",0.0671627397117775,824
"825",0.07168425592294,825
"826",0.0743144189477338,826
"827",0.0666340802273932,827
"828",0.0752206923495355,828
"829",0.0641812315638214,829
"830",0.083771184879577,830
"831",0.0743505385398346,831
"832",0.0714379859767982,832
"833",0.0649200414022466,833
"834",0.0642633215458686,834
"835",0.0378631833194733,835
"836",0.0424241027220184,836
"837",0.0274673079930096,837
"838",0.0461148683148628,838
"839",0.0426966414624153,839
"840",0.0368649691377787,840
"841",0.0490996600621007,841
"842",0.0631271961943347,842
"843",0.0463808398566958,843
"844",0.0467617373733951,844
"845",0.0575779134079407,845
"846",0.0459408375529226,846
"847",0.0234251972770031,847
"848",0.0430381357877319,848
"849",0.0560411889440161,849
"850",0.0650710869692136,850
"851",0.0642042167587946,851
"852",0.0651104901605962,852
"853",0.0624245059480102,853
"854",0.0646278010661584,854
"855",0.0524784837231655,855
"856",0.0634522725232418,856
"857",0.0605298691623597,857
"858",0.0740254622109275,858
"859",0.0754997982884961,859
"860",0.0758774122059135,860
"861",0.0856297020731267,861
"862",0.0832720777887297,862
"863",0.0777523473958726,863
"864",0.0619451004528543,864
"865",0.0649200414022466,865
"866",0.0685155826159161,866
"867",0.0562217869045201,867
"868",0.0711326112435824,868
"869",0.0756606946533087,869
"870",0.0803890776192303,870
"871",0.0909064461191239,871
"872",0.0699143959100013,872
"873",0.0336700270364998,873
"874",0.064818249824508,874
"875",0.0597812085260888,875
"876",0.059774641327525,876
"877",0.0592295638467313,877
"878",0.0533355031357388,878
"879",0.0435076904850421,879
"880",0.0501044414423591,880
"881",0.081679532137013,881
"882",0.0649922805864482,882
"883",0.055269543112772,883
"884",0.030261650981898,884
"885",0.0662466155121302,885
"886",0.0503342933920914,886
"887",0.0386742323421001,887
"888",0.0210642893933242,888
"889",0.0200036868252737,889
"890",0.00834690937456431,890
"891",0.0153344086464262,891
"892",0.0283702977955294,892
"893",0.0556602914273169,893
"894",0.0573250762632351,894
"895",0.0444730686739178,895
"896",0.0414882769266798,896
"897",0.0804711676012775,897
"898",0.0650612361713679,898
"899",0.0661054207430089,899
"900",0.0875473240537504,900
"901",0.0748102424392992,901
"902",0.0800738520881688,902
"903",0.0708272365103667,903
"904",0.0810983350641185,904
"905",0.0668146781878971,905
"906",0.0640991415817741,906
"907",0.0549017799932003,907
"908",0.0640334695961363,908
"909",0.0639874992061899,909
"910",0.0823822223833375,910
"911",0.0615871881311283,911
"912",0.0586483667738368,912
"913",0.0603394204040101,913
"914",0.0638725732313237,914
"915",0.0738777002432425,915
"916",0.0794368338274822,916
"917",0.0586188143802998,917
"918",0.0714544039732077,918
"919",0.055597903040961,919
"920",0.0447259058186233,920
"921",0.0755851718698252,921
"922",0.0866738866447677,922
"923",0.0538575954215593,923
"924",0.0528363960448915,924
"925",0.03276703723398,925
"926",0.0576994065813706,926
"927",0.0429166426143019,927
"928",0.0279828330802663,928
"929",0.0408808110595301,929
"930",0.0587829943443943,930
"931",0.0461871074990643,931
"932",0.0286297021387987,932
"933",0.0222726539290597,933
"934",0.0364052652383141,934
"935",0.0118439426097771,935
"936",0.0254511780339292,936
"937",0.0529086352290931,937
"938",0.0649430265972199,938
"939",0.0658624343961491,939
"940",0.0763371161053781,940
"941",0.073444265138033,941
"942",0.0738185954561685,942
"943",0.0721505270209683,943
"944",0.0700490234805588,944
"945",0.0639612304119348,945
"946",0.0596991185440416,946
"947",0.0629006278438843,947
"948",0.0542746125303593,948
"949",0.0587271731566021,949
"950",0.0380536320778229,950
"951",0.0419020104361979,951
"952",0.0664337806711979,952
"953",0.0624704763379567,953
"954",0.0758117402202757,954
"955",0.065832882002612,955
"956",0.0755227834834693,956
"957",0.0751254679703607,957
"958",0.0733391899610125,958
"959",0.0904401750210955,959
"960",0.0332530099276997,960
"961",0.100888587936069,961
"962",0.105085027818325,962
"963",0.0756475602561812,963
"964",0.0645851142754938,964
"965",0.0417542484685129,965
"966",0.0454318796642296,966
"967",0.0509187740642678,967
"968",0.0374363154128276,968
"969",0.0419709660211176,969
"970",0.0471130824965573,970
"971",0.0486268217655086,971
"972",0.0550364075637578,972
"973",0.0615609193368732,973
"974",0.0442136643306485,974
"975",0.0173045682155601,975
"976",0.00515853447184915,976
"977",0.037603778976204,977
"978",0.0568194019738241,978
"979",0.0709257444888234,979
"980",0.0786684715955199,980
"981",0.075890546603041,981
"982",0.0706236533548895,982
"983",0.0680690131135791,983
"984",0.0767344316184867,984
"985",0.0664107954762247,985
"986",0.0610683794445897,986
"987",0.0512832535845576,987
"988",0.056999999934328,988
"989",0.0228801197962093,989
"990",0.0465811394128911,990
"991",0.0553549166941011,991
"992",0.0533059507422018,992
"993",0.0881482227223363,993
"994",0.0743833745326535,994
"995",0.0640892907839285,995
"996",0.0798210149434633,996
"997",0.0785929488120365,997
"998",0.0527313208678711,998
"999",0.0555847686438334,999
"1000",0.0665257214510908,1000
"1001",0.0749777060026756,1001
"1002",0.11100207372429,1002
"1003",0.0663549742884325,1003
"1004",0.0195965205143194,1004
"1005",0.0304488161409657,1005
"1006",0.0489748832893889,1006
"1007",0.0595743417713297,1007
"1008",0.0412485741791018,1008
"1009",0.0661284059379821,1009
"1010",0.0476515927787873,1010
"1011",0.0503080245978363,1011
"1012",0.0686337921900642,1012
"1013",0.0340968949431455,1013
"1014",0.0196490581028296,1014
"1015",0.0209887666098407,1015
"1016",0.0499205598825732,1016
"1017",0.0178693472920452,1017
"1018",0.0230114637674849,1018
"1019",0.00538838642158144,1019
"1020",0.0608779306862401,1020
"1021",0.0603985251910841,1021
"1022",0.0620042052399283,1022
"1023",0.0547868540183342,1023
"1024",0.0708206693118029,1024
"1025",0.0653666109045837,1025
"1026",0.0949157208423115,1026
"1027",0.0500913070452315,1027
"1028",0.0457832247873919,1028
"1029",0.0233989284827479,1029
"1030",0.0709126100916958,1030
"1031",0.0578701537440289,1031
"1032",0.0516543003034111,1032
"1033",0.047451293222592,1033
"1034",0.0671397545168042,1034
"1035",0.0708239529110848,1035
"1036",0.0541169997648286,1036
"1037",0.0584283656219501,1037
"1038",0.0646606370589773,1038
"1039",0.0633931677361678,1039
"1040",0.0367204907693756,1040
"1041",0.058523590001125,1041
"1042",0.0491620484484567,1042
"1043",0.0519399734409356,1043
"1044",0.0315291203047075,1044
"1045",0.0460426291306612,1045
"1046",0.0613376345857047,1046
"1047",0.067714384391135,1047
"1048",0.0727153060974534,1048
"1049",0.0676224436112421,1049
"1050",0.0477829367500629,1050
"1051",0.0471853216807589,1051
"1052",0.0408775274602483,1052
"1053",0.0403258827808907,1053
"1054",0.0352888414824715,1054
"1055",0.0318016590451044,1055
"1056",0.0633012269562749,1056
"1057",0.0551907367300066,1057
"1058",0.026203122269482,1058
"1059",0.0250177429287197,1059
"1060",0.0478814447285196,1060
"1061",0.0279499970874474,1061
"1062",0.0525277377123939,1062
"1063",0.0753093495301465,1063
"1064",0.0614985309505173,1064
"1065",0.0465450198207903,1065
"1066",0.00909885361011711,1066
"1067",0.0555584998495783,1067
"1068",0.0432450025424909,1068
"1069",0.0189463678565051,1069
"1070",0.0684630450274059,1070
"1071",0.0693069300428516,1071
"1072",0.0439082895974327,1072
"1073",0.0477172647644251,1073
"1074",0.0456847168089352,1074
"1075",0.0690934960895288,1075
"1076",0.0913431648236152,1076
"1077",0.0599946424794117,1077
"1078",0.0632486893677646,1078
"1079",0.0469587533303085,1079
"1080",0.0078248170887438,1080
"1081",0.0700030530906123,1081
"1082",0.0466533785970927,1082
"1083",0.0554008870840476,1083
"1084",0.0372327322573504,1084
"1085",0.0408446914674294,1085
"1086",0.0501175758394866,1086
"1087",0.0790428019136554,1087
"1088",0.0432220173475177,1088
"1089",0.0337849530113659,1089
"1090",0.0603033008119093,1090
"1091",0.0562776080923122,1091
"1092",0.0420103692125003,1092
"1093",0.0512208651982017,1093
"1094",0.0456518808161163,1094
"1095",0.0305046373287578,1095
"1096",0.0316407626802918,1096
"1097",0.0348783915722353,1097
"1098",0.029844633873098,1098
"1099",0.0406837951026167,1099
"1100",0.0439706779837886,1100
"1101",0.049868022294063,1101
"1102",0.0340903277445817,1102
"1103",0.0294276167642979,1103
"1104",0.00619286824564449,1104
"1105",0.0150881387002844,1105
"1106",0.0586155307810179,1106
"1107",0.0632224205735095,1107
"1108",0.0550134223687846,1108
"1109",0.0300449334292932,1109
"1110",0.0518808686538616,1110
"1111",0.0523175873583529,1111
"1112",0.0458620311701572,1112
"1113",0.0476942795694518,1113
"1114",0.0635606312995442,1114
"1115",0.0820965492458131,1115
"1116",0.0614919637519535,1116
"1117",0.0687224493706752,1117
"1118",0.0319691226084808,1118
"1119",0.0481868194617353,1119
"1120",0.0381652744534071,1120
"1121",0.0572134338876509,1121
"1122",0.0979005125895495,1122
"1123",0.0846511894871235,1123
"1124",0.0503835473813197,1124
"1125",0.044584711049502,1125
"1126",0.0498975746876,1126
"1127",0.0700293218848674,1127
"1128",0.0403324499794545,1128
"1129",0.0734935191272613,1129
"1130",0.0251096837086126,1130
"1131",0.0487089117475558,1131
"1132",0.0547277492312602,1132
"1133",0.0373706434271898,1133
"1134",0.0499041418861638,1134
"1135",0.0382637824318638,1135
"1136",0.0792890718597971,1136
"1137",0.0301007546170854,1137
"1138",0.0211792153681903,1138
"1139",0.0539659541978617,1139
"1140",0.0343136124957502,1140
"1141",0.0429199262135838,1141
"1142",0.040138717621823,1142
"1143",0.0348160031858794,1143
"1144",0.025753269167863,1144
"1145",0.0339392821776147,1145
"1146",0.0537952070352034,1146
"1147",0.0642403363508954,1147
"1148",0.0592426982438589,1148
"1149",0.0190908462249083,1149
"1150",0.0475563683996125,1150
"1151",0.0419446972268625,1151
"1152",0.0449787429633288,1152
"1153",0.0656916872334908,1153
"1154",0.0472641280635242,1154
"1155",0.054284463328205,1155
"1156",0.0747248688579701,1156
"1157",0.0419643988225538,1157
"1158",0.06702811214122,1158
"1159",0.0537295350495656,1159
"1160",0.0407100638968719,1160
"1161",0.0647952646295348,1161
"1162",0.10266173154829,1162
"1163",0.0613474853835503,1163
"1164",0.0389960250717253,1164
"1165",0.0441250071500374,1165
"1166",0.0679311019437397,1166
"1167",0.0728532172672928,1167
"1168",0.0750893483782599,1168
"1169",0.0485217465884881,1169
"1170",0.037721988550352,1170
"1171",0.0655176564715506,1171
"1172",0.0532008755651813,1172
"1173",0.0583823952320037,1173
"1174",0.0432909729324374,1174
"1175",0.054074312974164,1175
"1176",0.0312729995607201,1176
"1177",0.0176723313351318,1177
"1178",0.0457175528017541,1178
"1179",0.0462199434918832,1179
"1180",0.0558310385899752,1180
"1181",0.0391339362415647,1181
"1182",0.0472083068757321,1182
"1183",0.0264362578184962,1183
"1184",0.0541137161655467,1184
"1185",0.0133806670737016,1185
"1186",0.0471393512908124,1186
"1187",0.0600504636672038,1187
"1188",0.0382999020239646,1188
"1189",0.00741108357922567,1189
"1190",0.0337980874084935,1190
"1191",0.0288726884856585,1191
"1192",0.0399055820728088,1192
"1193",0.0466796473913478,1193
"1194",0.074964571605548,1194
"1195",0.0582904544521108,1195
"1196",0.0587403075537297,1196
"1197",0.0674418456507381,1197
"1198",0.0682627454712106,1198
"1199",0.0659116883853774,1199
"1200",0.0549050635924822,1200
"1201",0.0836923784968116,1201
"1202",0.0629301802374213,1202
"1203",0.052435796932501,1203
"1204",0.070370816210184,1204
"1205",0.0515754939206458,1205
"1206",0.0417115616778483,1206
"1207",0.0561265625253453,1207
"1208",0.0608122587006023,1208
"1209",0.0285640301531609,1209
"1210",0.053985655793553,1210
"1211",0.061803905683733,1211
"1212",0.0541301341619562,1212
"1213",0.0451856097180879,1213
"1214",0.052911918828375,1214
"1215",0.026620139378282,1215
"1216",0.0480751770861511,1216
"1217",0.0363001900612936,1217
"1218",0.0446832190279587,1218
"1219",0.046078748722762,1219
"1220",0.0393178178013505,1220
"1221",0.027575666769312,1221
"1222",0.0532238607601545,1222
"1223",0.039393340584834,1223
"1224",0.0218030992317494,1224
"1225",0.0150520191081836,1225
"1226",0.0107899072402904,1226
"1227",0.0487417477403747,1227
"1228",0.0293685119772239,1228
"1229",0.011489313887333,1229
"1230",0.0287577625107924,1230
"1231",0.0453497896821824,1231
"1232",0.0471130824965573,1232
"1233",0.057269255075443,1233
"1234",0.0587403075537297,1234
"1235",0.0641746643652576,1235
"1236",0.0477632351543715,1236
"1237",0.0521566909935403,1237
"1238",0.0527411716657167,1238
"1239",0.0527838584563813,1239
"1240",0.0614985309505173,1240
"1241",0.0556011866402429,1241
"1242",0.0525934096980317,1242
"1243",0.109852813975629,1243
"1244",0.0808651995151043,1244
"1245",0.0841980527862227,1245
"1246",0.040109165228286,1246
"1247",0.035991531728796,1247
"1248",0.026918946912934,1248
"1249",0.038408260800267,1249
"1250",0.0501733970272788,1250
"1251",0.0771251799330317,1251
"1252",0.0526525144851057,1252
"1253",0.0304915029316303,1253
"1254",0.0409661846408593,1254
"1255",0.0358963073496212,1255
"1256",0.0540349097827814,1256
"1257",0.0617645024923504,1257
"1258",0.0518743014552978,1258
"1259",0.0429002246178925,1259
"1260",0.024919234950263,1260
"1261",0.038766173121993,1261
"1262",0.0653469093088923,1262
"1263",0.0368419839428055,1263
"1264",0.0322219597531863,1264
"1265",0.0233825104863385,1265
"1266",0.0261111814895891,1266
"1267",0.000686272249915004,1267
"1268",0.0336240566465533,1268
"1269",0.0158959041236294,1269
"1270",0.0151833630794592,1270
"1271",0.0513489255701954,1271
"1272",0.0540513277791908,1272
"1273",0.0600241948729487,1273
"1274",0.0362410852742196,1274
"1275",0.05168713629623,1275
"1276",0.0220723543728644,1276
"1277",0.0390978166494639,1277
"1278",0.0280846246580049,1278
"1279",0.047063828507329,1279
"1280",0.0458488967730297,1280
"1281",0.0999527621407307,1281
"1282",0.0907586841514388,1282
"1283",0.130440981473079,1283
"1284",0.113540295969191,1284
"1285",0.0614262917663157,1285
"1286",0.0292043320131294,1286
"1287",0.052136989397849,1287
"1288",0.0520122126251371,1288
"1289",0.0515131055342899,1289
"1290",0.0768624919904805,1290
"1291",0.0852192521628904,1291
"1292",0.0671430381160861,1292
"1293",0.034648539622503,1293
"1294",0.0562152197059563,1294
"1295",0.0595907597677392,1295
"1296",0.0519990782280096,1296
"1297",0.034290627300777,1297
"1298",0.0347930179909061,1298
"1299",0.0377121377525063,1299
"1300",0.0358864565517755,1300
"1301",0.0496414539436126,1301
"1302",0.0451560573245509,1302
"1303",0.0724362001584928,1303
"1304",0.0280747738601593,1304
"1305",0.0401058816290041,1305
"1306",0.0267219309560206,1306
"1307",0.0305998617079326,1307
"1308",0.0250407281236929,1308
"1309",0.0402963303873537,1309
"1310",0.0498745894926268,1310
"1311",0.0560937265325264,1311
"1312",0.0643191427336608,1312
"1313",0.0361655624907361,1313
"1314",0.0300580678264208,1314
"1315",0.0384870671830324,1315
"1316",0.0182830808015634,1316
"1317",0.00547047640362869,1317
"1318",0.00596629989519408,1318
"1319",0.0401617028167962,1319
"1320",0.0302846361768712,1320
"1321",0.104372486774155,1321
"1322",0.104382337572,1322
"1323",0.112988651289834,1323
"1324",0.124103634859031,1324
"1325",0.0788228007617688,1325
"1326",0.0528593812398648,1326
"1327",0.0310595656073972,1327
"1328",0.0630122702194685,1328
"1329",0.0517199722890489,1329
"1330",0.0658755687932766,1330
"1331",0.0155314246033396,1331
"1332",0.0601555388442243,1332
"1333",0.0691985712665493,1333
"1334",0.0488927933073417,1334
"1335",0.0435241084814516,1335
"1336",0.0553811854883563,1336
"1337",0.0320840485833469,1337
"1338",0.0570525375228383,1338
"1339",0.0480357738947684,1339
"1340",0.0579752289210493,1340
"1341",0.0689325997247162,1341
"1342",0.028350596199838,1342
"1343",0.0654848204787317,1343
"1344",0.0194093553552516,1344
"1345",0.0313518059434854,1345
"1346",0.034737196803114,1346
"1347",0.02960493112552,1347
"1348",0.0328195748224903,1348
"1349",0.0271717840576395,1349
"1350",0.0159812777049585,1350
"1351",0.0357386945840904,1351
"1352",0.0789771299280176,1352
"1353",0.0436521688534453,1353
"1354",0.0387103519342009,1354
"1355",0.0265938705840269,1355
"1356",0.0276873091448962,1356
"1357",0.0790690707079105,1357
"1358",0.0635113773103158,1358
"1359",0.0392521458157127,1359
"1360",0.0657967624105112,1360
"1361",0.0827368511057816,1361
"1362",0.131435912055492,1362
"1363",0.120872573165652,1363
"1364",0.135149662843309,1364
"1365",0.136069070642239,1365
"1366",0.0752732299380457,1366
"1367",0.0461608387048092,1367
"1368",0.0515492251263907,1368
"1369",0.0500650382509764,1369
"1370",0.0474020392333636,1370
"1371",0.0976312574484345,1371
"1372",0.0545734200650113,1372
"1373",0.0584710524126147,1373
"1374",0.0654388500887852,1374
"1375",0.0389533382810607,1375
"1376",0.048285327440192,1376
"1377",0.034825853983725,1377
"1378",0.0447784434071335,1378
"1379",0.0547999884154617,1379
"1380",0.0693923036241808,1380
"1381",0.0960190102010265,1381
"1382",0.04386888640605,1382
"1383",0.0267974537395041,1383
"1384",0.0205159283132485,1384
"1385",0.0575155250215847,1385
"1386",0.0488960769066236,1386
"1387",0.0521862433870773,1387
"1388",0.0526886340772065,1388
"1389",0.0660233307609617,1389
"1390",0.0609961402603881,1390
"1391",0.0506659369195623,1391
"1392",0.0492310040333763,1392
"1393",0.00910870440796278,1393
"1394",0.0161290396726435,1394
"1395",0.0558737253806398,1395
"1396",0.0586549339724006,1396
"1397",0.0573677630538997,1397
"1398",0.0486892101518645,1398
"1399",0.0491554812498929,1399
"1400",0.0675731896220137,1400
"1401",0.0920294370735302,1401
"1402",0.0946169133076595,1402
"1403",0.134207269849407,1403
"1404",0.123988708884165,1404
"1405",0.136771760888563,1405
"1406",0.0800935536838602,1406
"1407",0.0720914222338943,1407
"1408",0.031752405055876,1408
"1409",0.0295523935370097,1409
"1410",0.0874553832738575,1410
"1411",0.0802084796587263,1411
"1412",0.0763009965132773,1412
"1413",0.0456321792204249,1413
"1414",0.0501339938358961,1414
"1415",0.0200562244137839,1415
"1416",0.0456124776247336,1416
"1417",0.039393340584834,1417
"1418",0.0797323577628523,1418
"1419",0.0806583327603453,1419
"1420",0.086815081413889,1420
"1421",0.0675469208277586,1421
"1422",0.0427557462494893,1422
"1423",0.0543501353138428,1423
"1424",0.024022812346307,1424
"1425",0.066131689537264,1425
"1426",0.0460688979249163,1426
"1427",0.0682758798683382,1427
"1428",0.0566814908039847,1428
"1429",0.0674221440550468,1429
"1430",0.0776998098073624,1430
"1431",0.0550396911630397,1431
"1432",0.0587829943443943,1432
"1433",0.0307312056792082,1433
"1434",0.0173899417968893,1434
"1435",0.044436949081817,1435
"1436",0.0590062790955628,1436
"1437",0.065297655319664,1437
"1438",0.0779756321470412,1438
"1439",0.0403751367701191,1439
"1440",0.0693299152378249,1440
"1441",0.106579065491585,1441
"1442",0.103939051668945,1442
"1443",0.0859744799977251,1443
"1444",0.0789771299280176,1444
"1445",0.129899187591567,1445
"1446",0.0756672618518725,1446
"1447",0.0485710005777165,1447
"1448",0.025395356846137,1448
"1449",0.107652802456763,1449
"1450",0.0575417938158399,1450
"1451",0.0752502447430725,1451
"1452",0.0619680856478275,1452
"1453",0.0554140214811752,1453
"1454",0.0300547842271389,1454
"1455",0.0383360216160654,1455
"1456",0.0583594100370305,1456
"1457",0.0762977129139954,1457
"1458",0.0106454288718873,1458
"1459",0.0625328647243126,1459
"1460",0.0783401116673309,1460
"1461",0.0614295753655976,1461
"1462",0.0415802177065727,1462
"1463",0.0470999480994298,1463
"1464",0.0631271961943347,1464
"1465",0.0362969064620117,1465
"1466",0.0732406819825558,1466
"1467",0.0712245520234754,1467
"1468",0.0706794745426816,1468
"1469",0.0434715708929413,1469
"1470",0.0499008582868819,1470
"1471",0.080247882850109,1471
"1472",0.0581985136722179,1472
"1473",0.0376464657668685,1473
"1474",0.0170484474715727,1474
"1475",0.0421351459852121,1475
"1476",0.140610288449092,1476
"1477",0.0838565584609061,1477
"1478",0.104536666738249,1478
"1479",0.0889165849542985,1479
"1480",0.093618699125965,1480
"1481",0.129757992822446,1481
"1482",0.0571838814941139,1482
"1483",0.0485151793899243,1483
"1484",0.125384238578969,1484
"1485",0.12126988867876,1485
"1486",0.0354563050458479,1486
"1487",0.0303765769567641,1487
"1488",0.088453597455552,1488
"1489",0.0476187567859684,1489
"1490",0.0591671754603754,1490
"1491",0.0295819459305468,1491
"1492",0.0603098680104731,1492
"1493",0.0195341321279634,1493
"1494",0.0349046603664904,1494
"1495",0.0823756551847737,1495
"1496",0.0485939857726897,1496
"1497",0.0442990379119776,1497
"1498",0.0801099716802696,1498
"1499",0.0703051442245462,1499
"1500",0.0404933463442671,1500
"1501",0.0427623134480531,1501
"1502",0.0822443112134981,1502
"1503",0.0555420818531689,1503
"1504",0.0462823318782392,1504
"1505",0.0685943889986815,1505
"1506",0.0817123681298319,1506
"1507",0.0914745087948908,1507
"1508",0.104713981099471,1508
"1509",0.0566552220097296,1509
"1510",0.0741174029908204,1510
"1511",0.0990760411324661,1511
"1512",0.0650940721641868,1512
"1513",0.0482065210574267,1513
"1514",0.0161224724740798,1514
"1515",0.0424536551155554,1515
"1516",0.0396560285273852,1516
"1517",0.0920688402649129,1517
"1518",0.104218157607906,1518
"1519",0.177048389680225,1519
"1520",0.157970677852445,1520
"1521",0.115763292683031,1521
"1522",0.0993584306707086,1522
"1523",0.0980811105500535,1523
"1524",0.0725084393426943,1524
"1525",0.0809275879014602,1525
"1526",0.0672316952966972,1526
"1527",0.070400368603721,1527
"1528",0.0416590240893381,1528
"1529",0.0396002073395931,1529
"1530",0.0391142346458733,1530
"1531",0.0342380897122667,1531
"1532",0.0413667837532499,1532
"1533",0.028291491412764,1533
"1534",0.0548361080075625,1534
"1535",0.0878789675812213,1535
"1536",0.0503638457856284,1536
"1537",0.0882697158957662,1537
"1538",0.054074312974164,1538
"1539",0.0576140330000414,1539
"1540",0.0647919810302529,1540
"1541",0.0498581714962173,1541
"1542",0.0410581254207522,1542
"1543",0.0467486029762675,1543
"1544",0.0756344258590536,1544
"1545",0.0799096721240743,1545
"1546",0.0669197533649176,1546
"1547",0.0663188546963318,1547
"1548",0.0536441614682365,1548
"1549",0.0680493115178878,1549
"1550",0.0533125179407656,1550
"1551",0.0871237397463866,1551
"1552",0.0748299440349906,1552
"1553",0.0522781841669702,1553
"1554",0.0046495765831562,1554
"1555",0.0771218963337498,1555
"1556",0.0556373062323437,1556
"1557",0.0707517137268832,1557
"1558",0.134263091037199,1558
"1559",0.104796071081518,1559
"1560",0.14329955626096,1560
"1561",0.0547277492312602,1561
"1562",0.131603375618868,1562
"1563",0.0425685810904216,1563
"1564",0.0810326630784807,1564
"1565",0.0449623249669194,1565
"1566",0.0585564259939439,1566
"1567",0.0410581254207522,1567
"1568",0.0454942680505856,1568
"1569",0.0625295811250307,1569
"1570",0.0111478195620165,1570
"1571",0.0200923440058847,1571
"1572",0.0562677572944665,1572
"1573",0.025395356846137,1573
"1574",0.0398957312749632,1574
"1575",0.0744030761283449,1575
"1576",0.0635507805016985,1576
"1577",0.0705973845606344,1577
"1578",0.0732406819825558,1578
"1579",0.0538050578330491,1579
"1580",0.106503542708101,1580
"1581",0.0400369260440844,1581
"1582",0.0711720144349651,1582
"1583",0.0409694682401412,1583
"1584",0.0586089635824541,1584
"1585",0.0741371045865118,1585
"1586",0.0683514026518216,1586
"1587",0.0372622846508874,1587
"1588",0.0599191196959282,1588
"1589",0.049657871940022,1589
"1590",0.095319603553984,1590
"1591",0.05276415686069,1591
"1592",0.0824774467625123,1592
"1593",0.00996900741981795,1593
"1594",0.0876688172271804,1594
"1595",0.0815744569599926,1595
"1596",0.0281929834343073,1596
"1597",0.058014632112432,1597
"1598",0.113812834709588,1598
"1599",0.103518750960863,1599
"1600",0.0870120973708024,1600
